id,postcode,ward
806893,OX1 1AD,Jericho and Osney
806894,OX1 1AE,Jericho and Osney
806895,OX1 1AF,Jericho and Osney
806896,OX1 1AG,Jericho and Osney
806897,OX1 1AN,Carfax
806898,OX1 1AW,Carfax
806899,OX1 1AY,Carfax
806900,OX1 1AZ,Carfax
806901,OX1 1BP,Carfax
806902,OX1 1BT,Carfax
806903,OX1 1DG,Holywell
806904,OX1 1DL,Holywell
806905,OX1 1DP,Holywell
806906,OX1 1DQ,Holywell
806907,OX1 1DW,Carfax
806908,OX1 1ER,Carfax
806909,OX1 1HD,Carfax
806910,OX1 1HF,Carfax
806911,OX1 1HG,Carfax
806912,OX1 1HH,Carfax
806913,OX1 1HQ,Carfax
806914,OX1 1HT,Carfax
806915,OX1 1HU,Carfax
806916,OX1 1HY,Jericho and Osney
806917,OX1 1HZ,Jericho and Osney
806918,OX1 1JB,Carfax
806919,OX1 1JE,Carfax
806920,OX1 1JF,Carfax
806921,OX1 1JH,Carfax
806922,OX1 1JJ,Carfax
806923,OX1 1JL,Carfax
806924,OX1 1JP,Carfax
806925,OX1 1JR,Carfax
806926,OX1 1JS,Carfax
806927,OX1 1JT,Carfax
806928,OX1 1JU,Carfax
806929,OX1 1JW,Carfax
806930,OX1 1JX,Carfax
806931,OX1 1JY,Carfax
806932,OX1 1LB,Carfax
806933,OX1 1LE,Carfax
806934,OX1 1LF,Carfax
806935,OX1 1LT,Carfax
806936,OX1 1NF,Carfax
806937,OX1 1NG,Carfax
806938,OX1 1NJ,Carfax
806939,OX1 1NN,Jericho and Osney
806940,OX1 1NP,Carfax
806941,OX1 1NR,Carfax
806942,OX1 1NX,Carfax
806943,OX1 1NY,Carfax
806944,OX1 1PP,Carfax
806945,OX1 1PX,Carfax
806946,OX1 1QE,Carfax
806947,OX1 1QL,Carfax
806948,OX1 1QN,Carfax
806949,OX1 1QS,Carfax
806950,OX1 1QT,Carfax
806951,OX1 1QU,Carfax
806952,OX1 1RA,Carfax
806953,OX1 1RD,Carfax
806954,OX1 1RE,Carfax
806955,OX1 1RN,Carfax
806956,OX1 1RP,Hinksey Park
806957,OX1 1RS,Hinksey Park
806958,OX1 1RT,Hinksey Park
806959,OX1 1RU,Hinksey Park
806960,OX1 1SG,Carfax
806961,OX1 1SL,Carfax
806962,OX1 1SN,Hinksey Park
806963,OX1 1SU,Hinksey Park
806964,OX1 1SW,Hinksey Park
806965,OX1 1TG,Carfax
806966,OX1 1TN,Hinksey Park
806967,OX1 1TQ,Hinksey Park
806968,OX1 1TR,Hinksey Park
806969,OX1 1TS,Hinksey Park
806970,OX1 1TT,Carfax
806971,OX1 1TU,Hinksey Park
806972,OX1 1TW,Carfax
806973,OX1 1TX,Hinksey Park
806974,OX1 1TY,Hinksey Park
806975,OX1 1UA,Carfax
806976,OX1 1UB,Carfax
806977,OX1 1UD,Carfax
806978,OX1 1UL,Carfax
806979,OX1 1UQ,Carfax
806980,OX1 2AQ,Carfax
806981,OX1 2AU,Carfax
806982,OX1 2AY,Carfax
806983,OX1 2BE,Carfax
806984,OX1 2BJ,Carfax
806985,OX1 2BN,Carfax
806986,OX1 2BU,Carfax
806987,OX1 2BY,Carfax
806988,OX1 2DD,Jericho and Osney
806989,OX1 2DF,Carfax
806990,OX1 2DH,Carfax
806991,OX1 2DL,Carfax
806992,OX1 2DR,Carfax
806993,OX1 2DU,Carfax
806994,OX1 2DW,Carfax
806995,OX1 2EB,Carfax
806996,OX1 2EP,Jericho and Osney
806997,OX1 2EW,Carfax
806998,OX1 2EZ,Jericho and Osney
806999,OX1 2HB,Jericho and Osney
807000,OX1 2HD,Carfax
807001,OX1 2HE,Jericho and Osney
807002,OX1 2HG,Jericho and Osney
807003,OX1 2HP,North
807004,OX1 2HQ,Carfax
807005,OX1 2HS,Carfax
807006,OX1 2HU,North
807007,OX1 2HY,Carfax
807008,OX1 2JA,Carfax
807009,OX1 2JG,Jericho and Osney
807010,OX1 2JH,Carfax
807011,OX1 2JJ,Jericho and Osney
807012,OX1 2JL,Jericho and Osney
807013,OX1 2JN,Jericho and Osney
807014,OX1 2JQ,Jericho and Osney
807015,OX1 2JW,Jericho and Osney
807016,OX1 2LA,Carfax
807017,OX1 2LB,Carfax
807018,OX1 2LD,Carfax
807019,OX1 2LF,Carfax
807020,OX1 2LG,Carfax
807021,OX1 2LH,Carfax
807022,OX1 2LL,Carfax
807023,OX1 2LQ,Carfax
807024,OX1 2NA,Carfax
807025,OX1 2NP,Carfax
807026,OX1 2PG,Carfax
807027,OX1 2RA,Jericho and Osney
807028,OX1 2RB,Jericho and Osney
807029,OX1 2RD,Jericho and Osney
807030,OX1 2RE,Jericho and Osney
807031,OX1 2RF,Jericho and Osney
807032,OX1 2RG,Jericho and Osney
807033,OX1 2RQ,Jericho and Osney
807034,OX1 2TA,Jericho and Osney
807035,OX1 3AE,Carfax
807036,OX1 3AJ,Carfax
807037,OX1 3AS,Carfax
807038,OX1 3BB,Carfax
807039,OX1 3BH,Carfax
807040,OX1 3BJ,Carfax
807041,OX1 3BN,Holywell
807042,OX1 3BW,Holywell
807043,OX1 3DA,Carfax
807044,OX1 3DP,Carfax
807045,OX1 3DR,Carfax
807046,OX1 3DW,Carfax
807047,OX1 3EU,Carfax
807048,OX1 3EY,Carfax
807049,OX1 3HA,Carfax
807050,OX1 3HB,Carfax
807051,OX1 3JA,Holywell
807052,OX1 3JP,Carfax
807053,OX1 3JS,Carfax
807054,OX1 3LD,Carfax
807055,OX1 3LN,Carfax
807056,OX1 3LU,Carfax
807057,OX1 3LW,Carfax
807058,OX1 3LZ,Carfax
807059,OX1 3PA,Holywell
807060,OX1 3PB,Holywell
807061,OX1 3PG,Carfax
807062,OX1 3PN,Holywell
807063,OX1 3QF,Carfax
807064,OX1 3QG,North
807065,OX1 3RE,Holywell
807066,OX1 3RF,Holywell
807067,OX1 3RG,Holywell
807068,OX1 3SA,Holywell
807069,OX1 3SD,Holywell
807070,OX1 3SE,Holywell
807071,OX1 3SP,Holywell
807072,OX1 3SU,Holywell
807073,OX1 3SY,Holywell
807074,OX1 3SZ,Holywell
807075,OX1 3TD,Holywell
807076,OX1 3TF,Holywell
807077,OX1 3TJ,Holywell
807078,OX1 3TN,Holywell
807079,OX1 3TS,Holywell
807080,OX1 3TU,Holywell
807081,OX1 3TZ,Holywell
807082,OX1 3UN,Holywell
807083,OX1 3UP,Holywell
807084,OX1 3UQ,Holywell
807085,OX1 4AG,Carfax
807086,OX1 4AJ,Carfax
807087,OX1 4AL,Holywell
807088,OX1 4AN,Holywell
807089,OX1 4AR,Holywell
807090,OX1 4AS,Holywell
807091,OX1 4AU,Holywell
807092,OX1 4AW,Holywell
807093,OX1 4BA,Holywell
807094,OX1 4BH,Holywell
807095,OX1 4DF,Holywell
807096,OX1 4DN,Holywell
807097,OX1 4DU,Holywell
807098,OX1 4DX,Holywell
807099,OX1 4EE,Holywell
807100,OX1 4ES,Holywell
807101,OX1 4ET,Holywell
807102,OX1 4EW,Holywell
807103,OX1 4EX,Holywell
807104,OX1 4EY,Holywell
807105,OX1 4EZ,Holywell
807106,OX1 4FA,Hinksey Park
807107,OX1 4FR,Hinksey Park
807108,OX1 4FS,Hinksey Park
807109,OX1 4HS,Holywell
807110,OX1 4JD,Holywell
807111,OX1 4JE,Holywell
807112,OX1 4JF,Holywell
807113,OX1 4JS,Hinksey Park
807114,OX1 4JT,Hinksey Park
807115,OX1 4JU,Hinksey Park
807116,OX1 4JX,Hinksey Park
807117,OX1 4LB,Holywell
807118,OX1 4LD,Hinksey Park
807119,OX1 4LF,Hinksey Park
807120,OX1 4LG,Hinksey Park
807121,OX1 4LH,Hinksey Park
807122,OX1 4LJ,Hinksey Park
807123,OX1 4LL,Hinksey Park
807124,OX1 4LN,Hinksey Park
807125,OX1 4LP,Hinksey Park
807126,OX1 4LQ,Hinksey Park
807127,OX1 4LR,Hinksey Park
807128,OX1 4LS,Hinksey Park
807129,OX1 4LT,Hinksey Park
807130,OX1 4LU,Hinksey Park
807131,OX1 4LW,Hinksey Park
807132,OX1 4LX,Hinksey Park
807133,OX1 4LY,Hinksey Park
807134,OX1 4LZ,Hinksey Park
807135,OX1 4NA,Hinksey Park
807136,OX1 4ND,Hinksey Park
807137,OX1 4NG,Hinksey Park
807138,OX1 4NH,Hinksey Park
807139,OX1 4NQ,Hinksey Park
807140,OX1 4NX,Hinksey Park
807141,OX1 4NY,Hinksey Park
807142,OX1 4NZ,Hinksey Park
807143,OX1 4PA,Hinksey Park
807144,OX1 4PD,Hinksey Park
807145,OX1 4PE,Hinksey Park
807146,OX1 4PG,Hinksey Park
807147,OX1 4PJ,Hinksey Park
807148,OX1 4PL,Hinksey Park
807149,OX1 4PQ,Hinksey Park
807150,OX1 4PR,Hinksey Park
807151,OX1 4PS,Hinksey Park
807152,OX1 4PT,Hinksey Park
807153,OX1 4PU,Hinksey Park
807154,OX1 4PX,Hinksey Park
807155,OX1 4PY,Hinksey Park
807156,OX1 4PZ,Hinksey Park
807157,OX1 4QA,Hinksey Park
807158,OX1 4QB,Hinksey Park
807159,OX1 4QD,Hinksey Park
807160,OX1 4QE,Hinksey Park
807161,OX1 4QF,Hinksey Park
807162,OX1 4QG,Hinksey Park
807163,OX1 4QJ,Hinksey Park
807164,OX1 4QQ,Hinksey Park
807165,OX1 4RA,Hinksey Park
807166,OX1 4RB,Hinksey Park
807167,OX1 4RD,Hinksey Park
807168,OX1 4RE,Hinksey Park
807169,OX1 4RF,Hinksey Park
807170,OX1 4RG,Hinksey Park
807171,OX1 4RH,Hinksey Park
807172,OX1 4RJ,Hinksey Park
807173,OX1 4RN,Hinksey Park
807174,OX1 4RP,Hinksey Park
807175,OX1 4RQ,Hinksey Park
807176,OX1 4RR,Hinksey Park
807177,OX1 4RU,Hinksey Park
807178,OX1 4RW,Hinksey Park
807179,OX1 4RZ,Hinksey Park
807180,OX1 4SP,Hinksey Park
807181,OX1 4SR,Hinksey Park
807182,OX1 4SS,Hinksey Park
807183,OX1 4ST,Hinksey Park
807184,OX1 4SU,Hinksey Park
807185,OX1 4SX,Hinksey Park
807186,OX1 4SY,Hinksey Park
807187,OX1 4SZ,Hinksey Park
807188,OX1 4TA,Hinksey Park
807189,OX1 4TB,Hinksey Park
807190,OX1 4TD,Hinksey Park
807191,OX1 4TE,Hinksey Park
807192,OX1 4TG,Hinksey Park
807193,OX1 4TH,Hinksey Park
807194,OX1 4TJ,Hinksey Park
807195,OX1 4TL,Hinksey Park
807196,OX1 4TN,Hinksey Park
807197,OX1 4TQ,Hinksey Park
807198,OX1 4TR,Hinksey Park
807199,OX1 4TS,Hinksey Park
807200,OX1 4TW,Hinksey Park
807201,OX1 4TY,Hinksey Park
807202,OX1 4TZ,Hinksey Park
807203,OX1 4UP,Hinksey Park
807204,OX1 4UR,Hinksey Park
807205,OX1 4US,Hinksey Park
807206,OX1 4UT,Hinksey Park
807207,OX1 4UU,Hinksey Park
807208,OX1 4UW,Hinksey Park
807209,OX1 4UX,Hinksey Park
807210,OX1 4UY,Hinksey Park
807211,OX1 4UZ,Hinksey Park
807212,OX1 4XA,Hinksey Park
807213,OX1 4XB,Hinksey Park
807214,OX1 4XD,Hinksey Park
807215,OX1 4XF,Hinksey Park
807216,OX1 4XG,Hinksey Park
807217,OX1 4XH,Hinksey Park
807218,OX1 4XL,Hinksey Park
807219,OX1 4XQ,Hinksey Park
807220,OX1 4XR,Hinksey Park
807222,OX1 4XU,Hinksey Park
807223,OX1 4XX,Hinksey Park
814256,OX2 0AA,Jericho and Osney
814257,OX2 0AB,Jericho and Osney
814258,OX2 0AD,Jericho and Osney
814259,OX2 0AE,Jericho and Osney
814260,OX2 0AG,Jericho and Osney
814261,OX2 0AH,Jericho and Osney
814262,OX2 0AJ,Jericho and Osney
814263,OX2 0AL,Jericho and Osney
814264,OX2 0AN,Jericho and Osney
814265,OX2 0AR,Jericho and Osney
814266,OX2 0AS,Jericho and Osney
814267,OX2 0AT,Jericho and Osney
814268,OX2 0AU,Jericho and Osney
814269,OX2 0AX,Jericho and Osney
814270,OX2 0AY,Jericho and Osney
814271,OX2 0BA,Jericho and Osney
814272,OX2 0BB,Jericho and Osney
814273,OX2 0BD,Jericho and Osney
814274,OX2 0BE,Jericho and Osney
814275,OX2 0BG,Jericho and Osney
814276,OX2 0BH,Jericho and Osney
814277,OX2 0BJ,Jericho and Osney
814278,OX2 0BL,Jericho and Osney
814279,OX2 0BN,Jericho and Osney
814280,OX2 0BP,Jericho and Osney
814281,OX2 0BQ,Jericho and Osney
814282,OX2 0BS,Jericho and Osney
814283,OX2 0BT,Jericho and Osney
814284,OX2 0BU,Jericho and Osney
814285,OX2 0BW,Jericho and Osney
814286,OX2 0BX,Jericho and Osney
814287,OX2 0BY,Jericho and Osney
814288,OX2 0BZ,Jericho and Osney
814289,OX2 0DA,Jericho and Osney
814290,OX2 0DB,Jericho and Osney
814291,OX2 0DD,Jericho and Osney
814292,OX2 0DE,Jericho and Osney
814293,OX2 0DF,Jericho and Osney
814294,OX2 0DG,Jericho and Osney
814295,OX2 0DH,Jericho and Osney
814296,OX2 0DL,Jericho and Osney
814297,OX2 0ED,Jericho and Osney
814298,OX2 0ET,Jericho and Osney
814299,OX2 0EU,Jericho and Osney
814300,OX2 0EX,Jericho and Osney
814301,OX2 0EZ,Jericho and Osney
814302,OX2 0HB,Jericho and Osney
814303,OX2 0HD,Jericho and Osney
814304,OX2 0HG,Jericho and Osney
814305,OX2 0HH,Jericho and Osney
814306,OX2 0HJ,Jericho and Osney
814307,OX2 0HL,Jericho and Osney
814308,OX2 0HN,Jericho and Osney
814309,OX2 0HR,Jericho and Osney
814310,OX2 0HS,Jericho and Osney
814311,OX2 0HT,Jericho and Osney
814312,OX2 0HU,Jericho and Osney
814313,OX2 0HW,Jericho and Osney
814314,OX2 0HX,Jericho and Osney
814315,OX2 0JA,Jericho and Osney
814322,OX2 0LD,Jericho and Osney
814334,OX2 0NG,Jericho and Osney
814335,OX2 0NJ,Jericho and Osney
814336,OX2 0NP,Jericho and Osney
814337,OX2 0NQ,Jericho and Osney
814338,OX2 0NX,Jericho and Osney
814339,OX2 0NY,Jericho and Osney
814340,OX2 0PE,Jericho and Osney
814341,OX2 0PF,Jericho and Osney
814342,OX2 0QJ,Jericho and Osney
814343,OX2 0QT,Jericho and Osney
814344,OX2 6AA,Jericho and Osney
814345,OX2 6AD,Jericho and Osney
814346,OX2 6AE,Jericho and Osney
814347,OX2 6AG,Jericho and Osney
814348,OX2 6AH,North
814349,OX2 6AJ,North
814350,OX2 6AP,Jericho and Osney
814351,OX2 6AQ,North
814352,OX2 6AT,Jericho and Osney
814353,OX2 6AU,Jericho and Osney
814354,OX2 6AX,Jericho and Osney
814355,OX2 6AY,Jericho and Osney
814356,OX2 6AZ,Jericho and Osney
814357,OX2 6BB,Jericho and Osney
814358,OX2 6BD,Jericho and Osney
814359,OX2 6BE,Jericho and Osney
814360,OX2 6BG,Jericho and Osney
814361,OX2 6BH,Jericho and Osney
814362,OX2 6BJ,Jericho and Osney
814363,OX2 6BL,Jericho and Osney
814364,OX2 6BN,Jericho and Osney
814365,OX2 6BP,Jericho and Osney
814366,OX2 6BQ,Jericho and Osney
814367,OX2 6BS,Jericho and Osney
814368,OX2 6BT,Jericho and Osney
814369,OX2 6BU,Jericho and Osney
814370,OX2 6BW,Jericho and Osney
814371,OX2 6BZ,Jericho and Osney
814372,OX2 6DB,Jericho and Osney
814373,OX2 6DD,Jericho and Osney
814374,OX2 6DE,Jericho and Osney
814375,OX2 6DG,Jericho and Osney
814376,OX2 6DH,Jericho and Osney
814377,OX2 6DJ,Jericho and Osney
814378,OX2 6DL,Jericho and Osney
814379,OX2 6DN,Jericho and Osney
814380,OX2 6DQ,Jericho and Osney
814381,OX2 6DR,Jericho and Osney
814382,OX2 6DS,Jericho and Osney
814383,OX2 6DU,North
814384,OX2 6DW,Jericho and Osney
814385,OX2 6EA,North
814386,OX2 6EB,North
814387,OX2 6ED,North
814388,OX2 6EF,North
814389,OX2 6EG,North
814390,OX2 6EH,North
814391,OX2 6EJ,North
814392,OX2 6EL,North
814393,OX2 6EN,North
814394,OX2 6EP,North
814395,OX2 6EQ,North
814396,OX2 6ER,Jericho and Osney
814397,OX2 6ES,North
814398,OX2 6EU,North
814399,OX2 6EW,North
814400,OX2 6EX,North
814401,OX2 6EY,North
814402,OX2 6GE,North
814403,OX2 6GF,North
814404,OX2 6HA,North
814405,OX2 6HD,North
814406,OX2 6HG,North
814407,OX2 6HL,North
814408,OX2 6HN,North
814409,OX2 6HP,St Margaret's
814410,OX2 6HQ,North
814411,OX2 6HR,North
814412,OX2 6HT,North
814413,OX2 6HU,North
814414,OX2 6HW,North
814415,OX2 6HX,North
814416,OX2 6HY,North
814417,OX2 6HZ,North
814418,OX2 6JA,North
814419,OX2 6JB,North
814420,OX2 6JD,North
814421,OX2 6JE,North
814422,OX2 6JF,North
814423,OX2 6JG,North
814424,OX2 6JH,St Margaret's
814425,OX2 6JJ,North
814426,OX2 6JL,North
814427,OX2 6JP,North
814428,OX2 6JQ,North
814429,OX2 6JR,St Margaret's
814430,OX2 6JT,St Margaret's
814431,OX2 6JU,St Margaret's
814432,OX2 6JX,St Margaret's
814433,OX2 6LA,St Margaret's
814434,OX2 6LB,St Margaret's
814435,OX2 6LD,St Margaret's
814436,OX2 6LE,St Margaret's
814437,OX2 6LF,North
814438,OX2 6LQ,St Margaret's
814439,OX2 6LU,North
814440,OX2 6LX,North
814441,OX2 6LY,North
814442,OX2 6NA,North
814443,OX2 6NN,North
814444,OX2 6PE,North
814445,OX2 6PG,North
814446,OX2 6PN,North
814447,OX2 6PS,North
814448,OX2 6PU,North
814449,OX2 6PW,North
814450,OX2 6PX,St Margaret's
814451,OX2 6PZ,St Margaret's
814452,OX2 6QA,North
814453,OX2 6QB,North
814454,OX2 6QD,North
814455,OX2 6QE,North
814456,OX2 6QG,North
814457,OX2 6QH,North
814458,OX2 6QJ,North
814459,OX2 6QL,North
814460,OX2 6QN,North
814461,OX2 6QP,North
814462,OX2 6QR,North
814463,OX2 6QT,North
814464,OX2 6QU,North
814465,OX2 6QW,North
814466,OX2 6QX,North
814467,OX2 6QY,North
814468,OX2 6QZ,North
814469,OX2 6RA,North
814470,OX2 6RB,North
814471,OX2 6RD,North
814472,OX2 6RE,North
814473,OX2 6RF,North
814474,OX2 6RH,North
814475,OX2 6RJ,North
814476,OX2 6RL,St Margaret's
814477,OX2 6RN,North
814478,OX2 6RP,North
814479,OX2 6RQ,North
814480,OX2 6RR,North
814481,OX2 6RS,North
814482,OX2 6RT,North
814483,OX2 6RU,St Margaret's
814484,OX2 6RW,North
814485,OX2 6RX,St Margaret's
814486,OX2 6SD,St Margaret's
814487,OX2 6SE,North
814488,OX2 6SF,North
814489,OX2 6SG,North
814490,OX2 6SH,North
814491,OX2 6SJ,North
814492,OX2 6SL,North
814493,OX2 6SN,North
814494,OX2 6SQ,North
814495,OX2 6SR,St Margaret's
814496,OX2 6SS,North
814497,OX2 6ST,St Margaret's
814498,OX2 6SU,St Margaret's
814499,OX2 6SW,St Margaret's
814500,OX2 6SX,St Margaret's
814501,OX2 6SY,St Margaret's
814502,OX2 6TD,St Margaret's
814503,OX2 6TE,St Margaret's
814504,OX2 6TF,St Margaret's
814505,OX2 6TG,St Margaret's
814506,OX2 6TH,St Margaret's
814507,OX2 6TJ,St Margaret's
814508,OX2 6TL,St Margaret's
814509,OX2 6TN,St Margaret's
814510,OX2 6TQ,St Margaret's
814511,OX2 6TT,St Margaret's
814512,OX2 6TU,St Margaret's
814513,OX2 6TW,St Margaret's
814514,OX2 6TX,St Margaret's
814515,OX2 6UD,St Margaret's
814516,OX2 6UE,St Margaret's
814517,OX2 6UG,St Margaret's
814518,OX2 6UH,St Margaret's
814519,OX2 6UJ,St Margaret's
814520,OX2 6UL,St Margaret's
814521,OX2 6UP,St Margaret's
814522,OX2 6UR,St Margaret's
814523,OX2 6UT,St Margaret's
814524,OX2 6UU,St Margaret's
814525,OX2 6UW,St Margaret's
814526,OX2 6UX,St Margaret's
814527,OX2 6UY,St Margaret's
814528,OX2 6UZ,St Margaret's
814529,OX2 6XA,St Margaret's
814530,OX2 6XB,St Margaret's
814531,OX2 6XH,St Margaret's
814532,OX2 6XJ,St Margaret's
814533,OX2 6XL,St Margaret's
814534,OX2 6XN,St Margaret's
814535,OX2 6XP,St Margaret's
814536,OX2 6XW,St Margaret's
814537,OX2 7AA,St Margaret's
814538,OX2 7AB,St Margaret's
814539,OX2 7AD,St Margaret's
814540,OX2 7AE,St Margaret's
814541,OX2 7AF,St Margaret's
814542,OX2 7AG,St Margaret's
814543,OX2 7AH,Summertown
814544,OX2 7AJ,St Margaret's
814545,OX2 7AL,St Margaret's
814546,OX2 7AN,St Margaret's
814547,OX2 7AQ,St Margaret's
814548,OX2 7AR,Summertown
814549,OX2 7AT,St Margaret's
814550,OX2 7AU,St Margaret's
814551,OX2 7AW,St Margaret's
814552,OX2 7AX,St Margaret's
814553,OX2 7AY,Summertown
814554,OX2 7AZ,Summertown
814555,OX2 7BA,Summertown
814556,OX2 7BB,Summertown
814557,OX2 7BD,Summertown
814558,OX2 7BE,Summertown
814559,OX2 7BF,Summertown
814560,OX2 7BG,Summertown
814561,OX2 7BH,St Margaret's
814562,OX2 7BJ,St Margaret's
814563,OX2 7BL,St Margaret's
814564,OX2 7BN,St Margaret's
814565,OX2 7BP,St Margaret's
814566,OX2 7BQ,Summertown
814567,OX2 7BT,St Margaret's
814568,OX2 7BU,St Margaret's
814569,OX2 7BW,St Margaret's
814570,OX2 7BY,St Margaret's
814571,OX2 7BZ,Summertown
814572,OX2 7DB,St Margaret's
814573,OX2 7DJ,St Margaret's
814574,OX2 7DL,Summertown
814575,OX2 7DQ,St Margaret's
814576,OX2 7DR,St Margaret's
814577,OX2 7DT,St Margaret's
814578,OX2 7DU,St Margaret's
814579,OX2 7DX,Summertown
814580,OX2 7EA,St Margaret's
814581,OX2 7ED,Summertown
814582,OX2 7EE,St Margaret's
814583,OX2 7EF,St Margaret's
814584,OX2 7EG,St Margaret's
814585,OX2 7EH,Summertown
814586,OX2 7EJ,St Margaret's
814587,OX2 7EL,Summertown
814588,OX2 7EN,Summertown
814589,OX2 7EP,Summertown
814590,OX2 7EQ,St Margaret's
814591,OX2 7ER,Summertown
814592,OX2 7ES,Summertown
814593,OX2 7ET,Summertown
814594,OX2 7EU,Summertown
814595,OX2 7EW,Summertown
814596,OX2 7EX,Summertown
814597,OX2 7EY,Summertown
814598,OX2 7EZ,Summertown
814599,OX2 7FZ,Wolvercote
814600,OX2 7GY,St Margaret's
814601,OX2 7GZ,Summertown
814602,OX2 7HG,Summertown
814603,OX2 7HJ,Summertown
814604,OX2 7HN,Summertown
814605,OX2 7HQ,Summertown
814606,OX2 7HZ,Summertown
814607,OX2 7JB,Summertown
814608,OX2 7JD,Summertown
814609,OX2 7JF,Summertown
814610,OX2 7JH,Summertown
814611,OX2 7JJ,Summertown
814612,OX2 7JL,Summertown
814613,OX2 7JN,Summertown
814614,OX2 7JS,Summertown
814615,OX2 7JT,Summertown
814616,OX2 7JU,Summertown
814617,OX2 7JX,Summertown
814618,OX2 7JY,Summertown
814619,OX2 7LA,Summertown
814620,OX2 7LB,Summertown
814621,OX2 7LD,Summertown
814622,OX2 7LE,Summertown
814623,OX2 7LF,Summertown
814624,OX2 7LG,Summertown
814625,OX2 7LH,Summertown
814626,OX2 7LN,Summertown
814627,OX2 7LP,Summertown
814628,OX2 7LQ,Summertown
814629,OX2 7LR,Summertown
814630,OX2 7LS,Summertown
814631,OX2 7LT,Summertown
814632,OX2 7LU,Summertown
814633,OX2 7LW,Summertown
814634,OX2 7LX,Summertown
814635,OX2 7LY,Summertown
814636,OX2 7NA,St Margaret's
814637,OX2 7NB,St Margaret's
814638,OX2 7ND,St Margaret's
814639,OX2 7NE,St Margaret's
814640,OX2 7NF,St Margaret's
814641,OX2 7NG,St Margaret's
814642,OX2 7NH,Summertown
814643,OX2 7NJ,Summertown
814644,OX2 7NL,St Margaret's
814645,OX2 7NN,Summertown
814646,OX2 7NP,Summertown
814647,OX2 7NQ,St Margaret's
814648,OX2 7NR,Summertown
814649,OX2 7NS,Wolvercote
814650,OX2 7NT,Wolvercote
814651,OX2 7NU,Summertown
814652,OX2 7NW,Summertown
814653,OX2 7NX,Wolvercote
814654,OX2 7NY,Summertown
814655,OX2 7NZ,Summertown
814656,OX2 7PA,Summertown
814657,OX2 7PD,Summertown
814658,OX2 7PE,Summertown
814659,OX2 7PF,St Margaret's
814660,OX2 7PG,Summertown
814661,OX2 7PJ,Summertown
814662,OX2 7PL,Summertown
814663,OX2 7PN,Summertown
814664,OX2 7PP,Summertown
814665,OX2 7PQ,Summertown
814666,OX2 7PR,Summertown
814667,OX2 7PS,Summertown
814668,OX2 7PT,Summertown
814669,OX2 7PU,Summertown
814670,OX2 7PW,Summertown
814671,OX2 7PX,Summertown
814672,OX2 7PY,Summertown
814673,OX2 7PZ,Summertown
814674,OX2 7QA,Summertown
814675,OX2 7QB,Summertown
814676,OX2 7QD,Summertown
814677,OX2 7QE,Summertown
814678,OX2 7QF,Summertown
814679,OX2 7QG,Summertown
814680,OX2 7QH,Summertown
814681,OX2 7QJ,Summertown
814682,OX2 7QL,Summertown
814683,OX2 7QN,Summertown
814684,OX2 7QP,Summertown
814685,OX2 7QQ,Summertown
814686,OX2 7QR,Summertown
814687,OX2 7QS,Summertown
814688,OX2 7QT,Summertown
814689,OX2 7QU,Summertown
814690,OX2 7QW,Summertown
814691,OX2 7QX,Summertown
814692,OX2 7QY,Summertown
814693,OX2 7QZ,Summertown
814694,OX2 7RA,Summertown
814695,OX2 7RB,Summertown
814696,OX2 7RD,Summertown
814697,OX2 7RE,Summertown
814698,OX2 7RF,Wolvercote
814699,OX2 7RG,Summertown
814700,OX2 7RH,Summertown
814701,OX2 7RJ,Summertown
814702,OX2 7RL,Summertown
814703,OX2 7RN,Summertown
814704,OX2 7RP,Summertown
814705,OX2 7RQ,Summertown
814706,OX2 7RR,Summertown
814707,OX2 7RS,Summertown
814708,OX2 7RT,Summertown
814709,OX2 7RU,Summertown
814710,OX2 7RW,Summertown
814711,OX2 7RX,Summertown
814712,OX2 7RZ,Summertown
814713,OX2 7SA,Summertown
814714,OX2 7SB,Summertown
814715,OX2 7SD,Summertown
814716,OX2 7SE,Summertown
814717,OX2 7SF,Summertown
814718,OX2 7SH,Summertown
814719,OX2 7SJ,Summertown
814720,OX2 7SL,Summertown
814721,OX2 7SN,Summertown
814722,OX2 7SP,Summertown
814723,OX2 7SQ,Summertown
814724,OX2 7SR,Summertown
814725,OX2 7SS,Summertown
814726,OX2 7ST,Summertown
814727,OX2 7SU,Summertown
814728,OX2 7SW,Summertown
814729,OX2 7SX,Summertown
814730,OX2 7SY,Summertown
814731,OX2 7SZ,Summertown
814732,OX2 7TA,Summertown
814733,OX2 7TB,Summertown
814734,OX2 7TD,Summertown
814735,OX2 7TE,Summertown
814736,OX2 7TF,Summertown
814737,OX2 7TG,Summertown
814738,OX2 7TH,Summertown
814739,OX2 7TJ,Summertown
814740,OX2 7TL,Summertown
814741,OX2 7TN,Summertown
814742,OX2 7TP,Summertown
814743,OX2 7TQ,Summertown
814744,OX2 7TR,Summertown
814745,OX2 7TS,Summertown
814746,OX2 7TW,Summertown
814747,OX2 7UF,Summertown
814748,OX2 7UG,Summertown
814749,OX2 7UN,Summertown
814750,OX2 7UP,Summertown
814751,OX2 7UW,Summertown
814752,OX2 7XB,Summertown
814753,OX2 7XD,Summertown
814754,OX2 7XH,St Margaret's
814755,OX2 8AA,Wolvercote
814756,OX2 8AB,Wolvercote
814757,OX2 8AD,Wolvercote
814758,OX2 8AE,Wolvercote
814759,OX2 8AF,Wolvercote
814760,OX2 8AG,Wolvercote
814761,OX2 8AH,Wolvercote
814762,OX2 8AJ,Wolvercote
814763,OX2 8AL,Wolvercote
814764,OX2 8AN,Wolvercote
814765,OX2 8AP,Wolvercote
814766,OX2 8AQ,Wolvercote
814767,OX2 8AR,Wolvercote
814768,OX2 8AS,Wolvercote
814769,OX2 8AT,Wolvercote
814770,OX2 8AU,Wolvercote
814771,OX2 8AW,Wolvercote
814772,OX2 8AX,Wolvercote
814773,OX2 8AY,Wolvercote
814774,OX2 8AZ,Wolvercote
814775,OX2 8BA,Wolvercote
814776,OX2 8BB,Wolvercote
814777,OX2 8BD,Wolvercote
814778,OX2 8BE,Wolvercote
814779,OX2 8BG,Wolvercote
814780,OX2 8BJ,Wolvercote
814781,OX2 8BL,Wolvercote
814782,OX2 8BN,Wolvercote
814783,OX2 8BQ,Wolvercote
814784,OX2 8BS,Wolvercote
814785,OX2 8BT,Wolvercote
814786,OX2 8BU,Wolvercote
814787,OX2 8BW,Wolvercote
814788,OX2 8BX,Wolvercote
814789,OX2 8BY,Wolvercote
814790,OX2 8BZ,Wolvercote
814791,OX2 8DA,Wolvercote
814792,OX2 8DB,Wolvercote
814793,OX2 8DD,Wolvercote
814794,OX2 8DE,Wolvercote
814795,OX2 8DF,Wolvercote
814796,OX2 8DG,Wolvercote
814797,OX2 8DH,Wolvercote
814798,OX2 8DJ,Wolvercote
814799,OX2 8DL,Wolvercote
814800,OX2 8DQ,Wolvercote
814801,OX2 8DS,Wolvercote
814802,OX2 8DT,Wolvercote
814803,OX2 8DU,Wolvercote
814804,OX2 8DX,Wolvercote
814805,OX2 8DY,Wolvercote
814806,OX2 8DZ,Wolvercote
814807,OX2 8EA,Wolvercote
814808,OX2 8EB,Wolvercote
814809,OX2 8ED,Wolvercote
814810,OX2 8EE,Wolvercote
814811,OX2 8EG,Wolvercote
814812,OX2 8EH,Wolvercote
814813,OX2 8EL,Wolvercote
814814,OX2 8EN,Wolvercote
814815,OX2 8EQ,Wolvercote
814817,OX2 8ES,Wolvercote
814818,OX2 8ET,Wolvercote
814819,OX2 8EU,Wolvercote
814820,OX2 8EW,Wolvercote
814821,OX2 8EX,Wolvercote
814822,OX2 8EY,Wolvercote
814823,OX2 8FA,Wolvercote
814824,OX2 8FB,Wolvercote
814825,OX2 8FE,Wolvercote
814829,OX2 8HG,Wolvercote
814830,OX2 8HH,Wolvercote
814831,OX2 8HL,Wolvercote
814832,OX2 8HN,Wolvercote
814833,OX2 8HP,Wolvercote
814834,OX2 8HR,Wolvercote
814835,OX2 8HS,Wolvercote
814836,OX2 8HT,Wolvercote
814837,OX2 8HU,Wolvercote
814838,OX2 8HW,Wolvercote
814839,OX2 8HX,Wolvercote
814840,OX2 8HY,Wolvercote
814841,OX2 8HZ,Wolvercote
814842,OX2 8JA,Wolvercote
814843,OX2 8JB,Wolvercote
814844,OX2 8JD,Wolvercote
814845,OX2 8JE,Wolvercote
814846,OX2 8JF,Wolvercote
814847,OX2 8JG,Wolvercote
814848,OX2 8JH,Wolvercote
814849,OX2 8JJ,Wolvercote
814850,OX2 8JL,Wolvercote
814851,OX2 8JN,Wolvercote
814852,OX2 8JP,Wolvercote
814853,OX2 8JQ,Wolvercote
814856,OX2 8JU,Wolvercote
814857,OX2 8JW,Wolvercote
814859,OX2 8LB,Wolvercote
814860,OX2 8LG,Wolvercote
814861,OX2 8LH,Wolvercote
814862,OX2 8LJ,Wolvercote
814863,OX2 8LL,Wolvercote
814864,OX2 8LN,Wolvercote
814865,OX2 8LP,Wolvercote
814866,OX2 8LQ,Wolvercote
814867,OX2 8LR,Wolvercote
814868,OX2 8LS,Wolvercote
814869,OX2 8LT,Wolvercote
814870,OX2 8LU,Wolvercote
814871,OX2 8LW,Wolvercote
814872,OX2 8LX,Wolvercote
814873,OX2 8LY,Wolvercote
814874,OX2 8LZ,Wolvercote
814875,OX2 8NA,Wolvercote
814876,OX2 8NB,Wolvercote
814877,OX2 8ND,Wolvercote
814878,OX2 8NE,Wolvercote
814879,OX2 8NF,Wolvercote
814880,OX2 8NG,Wolvercote
814881,OX2 8NH,Wolvercote
814882,OX2 8NJ,Wolvercote
814883,OX2 8NL,Wolvercote
814884,OX2 8NN,Wolvercote
814885,OX2 8NP,Wolvercote
814886,OX2 8NQ,Wolvercote
814887,OX2 8NR,Wolvercote
814888,OX2 8NS,Wolvercote
814889,OX2 8NT,Wolvercote
814890,OX2 8NU,Wolvercote
814891,OX2 8NW,Wolvercote
814892,OX2 8NX,Wolvercote
814893,OX2 8NY,Wolvercote
814894,OX2 8NZ,Wolvercote
814895,OX2 8PA,Wolvercote
814896,OX2 8PE,Wolvercote
814897,OX2 8PF,Wolvercote
814898,OX2 8PG,Wolvercote
814899,OX2 8PH,Wolvercote
814900,OX2 8PJ,Wolvercote
814901,OX2 8PN,Wolvercote
814902,OX2 8PP,Wolvercote
814903,OX2 8PQ,Wolvercote
814904,OX2 8PR,Wolvercote
814905,OX2 8PS,Wolvercote
814906,OX2 8PT,Wolvercote
814907,OX2 8PU,Wolvercote
814908,OX2 8PW,Wolvercote
814909,OX2 8PX,Wolvercote
814919,OX2 8QS,Wolvercote
814920,OX2 8QT,Wolvercote
818003,OX3 0AA,Headington Hill and Northway
818004,OX3 0AB,Headington Hill and Northway
818005,OX3 0AD,Headington Hill and Northway
818006,OX3 0AE,Headington Hill and Northway
818007,OX3 0AG,Headington Hill and Northway
818008,OX3 0AH,Headington Hill and Northway
818009,OX3 0AJ,Headington Hill and Northway
818010,OX3 0AL,Headington Hill and Northway
818011,OX3 0AN,Headington Hill and Northway
818012,OX3 0AP,Headington Hill and Northway
818013,OX3 0AQ,Headington Hill and Northway
818014,OX3 0AR,Headington Hill and Northway
818015,OX3 0AS,Headington Hill and Northway
818016,OX3 0AT,Headington Hill and Northway
818017,OX3 0AU,Headington Hill and Northway
818018,OX3 0AW,Headington Hill and Northway
818019,OX3 0AX,Headington Hill and Northway
818020,OX3 0AY,Headington Hill and Northway
818021,OX3 0AZ,Headington Hill and Northway
818022,OX3 0BA,Headington Hill and Northway
818023,OX3 0BD,Churchill
818024,OX3 0BL,Headington Hill and Northway
818025,OX3 0BN,Headington Hill and Northway
818026,OX3 0BS,Churchill
818027,OX3 0BT,Churchill
818028,OX3 0BU,Headington Hill and Northway
818029,OX3 0BX,Headington Hill and Northway
818030,OX3 0BY,Headington Hill and Northway
818031,OX3 0BZ,Headington Hill and Northway
818032,OX3 0DB,Headington Hill and Northway
818033,OX3 0DG,Marston
818034,OX3 0DH,Marston
818035,OX3 0DJ,Marston
818036,OX3 0DL,Headington Hill and Northway
818037,OX3 0DN,Headington Hill and Northway
818038,OX3 0DP,Headington Hill and Northway
818039,OX3 0DQ,Marston
818040,OX3 0DR,Headington Hill and Northway
818041,OX3 0DS,Headington Hill and Northway
818042,OX3 0DU,Headington Hill and Northway
818043,OX3 0DW,Headington Hill and Northway
818044,OX3 0DZ,Marston
818045,OX3 0EB,Headington Hill and Northway
818046,OX3 0EG,Marston
818047,OX3 0EJ,Marston
818048,OX3 0EL,Marston
818049,OX3 0EN,Marston
818050,OX3 0EP,Marston
818051,OX3 0ER,Marston
818052,OX3 0ES,Marston
818053,OX3 0ET,Marston
818054,OX3 0EU,Marston
818055,OX3 0EW,Marston
818056,OX3 0EX,Marston
818057,OX3 0EY,Marston
818058,OX3 0EZ,Marston
818059,OX3 0FB,Marston
818060,OX3 0FE,Headington Hill and Northway
818061,OX3 0FF,Headington Hill and Northway
818062,OX3 0FG,Headington Hill and Northway
818063,OX3 0FH,Headington Hill and Northway
818064,OX3 0FJ,Churchill
818065,OX3 0FN,Headington Hill and Northway
818066,OX3 0FW,Headington Hill and Northway
818067,OX3 0HA,Marston
818068,OX3 0HB,Marston
818069,OX3 0HD,Marston
818070,OX3 0HE,Marston
818071,OX3 0HF,Marston
818072,OX3 0HG,Marston
818073,OX3 0HL,Marston
818074,OX3 0HN,Marston
818075,OX3 0HP,Marston
818076,OX3 0HR,Marston
818077,OX3 0HS,Churchill
818078,OX3 0HW,Marston
818079,OX3 0HX,Marston
818080,OX3 0HY,Marston
818081,OX3 0HZ,Marston
818082,OX3 0JA,Headington Hill and Northway
818083,OX3 0JB,Headington Hill and Northway
818084,OX3 0JD,Headington Hill and Northway
818085,OX3 0JE,Headington Hill and Northway
818086,OX3 0JF,Marston
818087,OX3 0JG,Marston
818088,OX3 0JH,Headington Hill and Northway
818089,OX3 0JJ,Headington Hill and Northway
818090,OX3 0JL,Headington Hill and Northway
818091,OX3 0JN,Headington Hill and Northway
818092,OX3 0JP,Marston
818093,OX3 0JQ,Marston
818094,OX3 0JR,Marston
818095,OX3 0JS,Marston
818096,OX3 0JT,Marston
818097,OX3 0JU,Marston
818098,OX3 0JW,Headington Hill and Northway
818099,OX3 0JX,Marston
818100,OX3 0JY,Marston
818101,OX3 0JZ,Marston
818102,OX3 0LA,Marston
818103,OX3 0LB,Marston
818104,OX3 0LE,Marston
818105,OX3 0LF,Marston
818106,OX3 0LG,Marston
818107,OX3 0LH,Marston
818108,OX3 0LN,Headington Hill and Northway
818109,OX3 0LP,Headington Hill and Northway
818110,OX3 0LQ,Headington Hill and Northway
818111,OX3 0LR,Headington Hill and Northway
818112,OX3 0LS,Headington Hill and Northway
818113,OX3 0LT,Headington Hill and Northway
818114,OX3 0LU,Headington Hill and Northway
818115,OX3 0LX,Headington Hill and Northway
818116,OX3 0LY,Headington Hill and Northway
818117,OX3 0LZ,Marston
818118,OX3 0NA,Marston
818119,OX3 0NB,Marston
818120,OX3 0ND,Marston
818121,OX3 0NE,Marston
818122,OX3 0NF,Marston
818123,OX3 0NG,Marston
818124,OX3 0NH,Marston
818125,OX3 0NJ,Marston
818126,OX3 0NL,Marston
818127,OX3 0NN,Marston
818128,OX3 0NP,Marston
818129,OX3 0NQ,Marston
818130,OX3 0NR,Marston
818131,OX3 0NS,Marston
818132,OX3 0NT,Marston
818133,OX3 0NU,Marston
818134,OX3 0NW,Marston
818135,OX3 0NX,Marston
818136,OX3 0NY,Marston
818137,OX3 0NZ,Marston
818138,OX3 0PB,Marston
818139,OX3 0PE,Headington Hill and Northway
818140,OX3 0PF,Marston
818141,OX3 0PH,Marston
818142,OX3 0PL,Marston
818143,OX3 0PN,Marston
818144,OX3 0PP,Marston
818145,OX3 0PQ,Marston
818146,OX3 0PR,Marston
818147,OX3 0PS,Marston
818148,OX3 0PT,Marston
818149,OX3 0PU,Marston
818150,OX3 0PW,Marston
818151,OX3 0PX,Marston
818152,OX3 0PY,Marston
818153,OX3 0PZ,Marston
818154,OX3 0QA,Marston
818155,OX3 0QB,Marston
818159,OX3 0QH,Marston
818160,OX3 0QL,Marston
818161,OX3 0QN,Marston
818162,OX3 0QP,Marston
818163,OX3 0QQ,Marston
818164,OX3 0QR,Marston
818165,OX3 0QS,Marston
818166,OX3 0QW,Marston
818167,OX3 0RA,Marston
818168,OX3 0RB,Marston
818169,OX3 0RD,Marston
818170,OX3 0RE,Marston
818171,OX3 0RF,Marston
818172,OX3 0RG,Marston
818173,OX3 0RH,Marston
818174,OX3 0RJ,Marston
818175,OX3 0RL,Marston
818176,OX3 0RN,Marston
818177,OX3 0RP,Marston
818178,OX3 0RQ,Marston
818179,OX3 0RR,Marston
818180,OX3 0RS,Marston
818181,OX3 0RT,Marston
818182,OX3 0RU,Marston
818183,OX3 0RW,Marston
818184,OX3 0RX,Marston
818185,OX3 0RY,Marston
818186,OX3 0RZ,Marston
818187,OX3 0SA,Marston
818188,OX3 0SB,Marston
818189,OX3 0SD,Marston
818190,OX3 0SE,Marston
818191,OX3 0SF,Marston
818192,OX3 0SG,Marston
818193,OX3 0SH,Marston
818194,OX3 0SJ,Marston
818195,OX3 0SL,Marston
818196,OX3 0SN,Marston
818197,OX3 0SP,Marston
818198,OX3 0SQ,Marston
818199,OX3 0SW,Marston
818200,OX3 0SX,Marston
818201,OX3 0TU,Headington Hill and Northway
818202,OX3 0TX,Marston
818203,OX3 7AA,Headington
818204,OX3 7AB,Headington
818205,OX3 7AD,Headington
818206,OX3 7AE,Headington
818207,OX3 7AF,Headington
818208,OX3 7AG,Headington
818209,OX3 7AH,Headington
818210,OX3 7AJ,Headington
818211,OX3 7AL,Headington
818212,OX3 7AN,Headington
818213,OX3 7AP,Headington
818214,OX3 7AQ,Headington
818215,OX3 7AR,Headington
818216,OX3 7AS,Headington
818217,OX3 7AT,Headington
818218,OX3 7AU,Headington
818219,OX3 7AW,Headington
818220,OX3 7AX,Headington
818221,OX3 7AY,Headington
818222,OX3 7BA,Headington
818223,OX3 7BD,Headington
818224,OX3 7BG,Headington
818225,OX3 7BH,Headington
818226,OX3 7BJ,Headington
818227,OX3 7BP,Headington
818228,OX3 7BQ,Headington
818229,OX3 7BT,Headington
818230,OX3 7BU,Headington
818231,OX3 7BW,Headington
818232,OX3 7BX,Headington
818233,OX3 7BZ,Headington
818234,OX3 7DA,Headington
818235,OX3 7DB,Headington
818236,OX3 7DH,Headington
818237,OX3 7DN,Headington
818238,OX3 7DW,Headington
818239,OX3 7DX,Churchill
818240,OX3 7DY,Churchill
818241,OX3 7DZ,Headington
818242,OX3 7EE,Lye Valley
818243,OX3 7EF,Lye Valley
818244,OX3 7EG,Lye Valley
818245,OX3 7EH,Lye Valley
818246,OX3 7EJ,Lye Valley
818247,OX3 7EL,Lye Valley
818248,OX3 7EN,Lye Valley
818249,OX3 7EP,Lye Valley
818250,OX3 7EQ,Lye Valley
818251,OX3 7ER,Lye Valley
818252,OX3 7ES,Lye Valley
818253,OX3 7ET,Lye Valley
818254,OX3 7EU,Lye Valley
818255,OX3 7EW,Lye Valley
818256,OX3 7EX,Lye Valley
818257,OX3 7EY,Lye Valley
818258,OX3 7EZ,Lye Valley
818259,OX3 7FD,Lye Valley
818260,OX3 7FE,Lye Valley
818261,OX3 7FF,Lye Valley
818262,OX3 7FG,Lye Valley
818263,OX3 7FH,Lye Valley
818264,OX3 7FL,Churchill
818265,OX3 7FQ,Lye Valley
818266,OX3 7GH,Headington
818267,OX3 7HE,Headington
818268,OX3 7HG,Lye Valley
818269,OX3 7HL,Lye Valley
818270,OX3 7HN,Lye Valley
818271,OX3 7HP,Lye Valley
818272,OX3 7HQ,Lye Valley
818273,OX3 7HR,Churchill
818274,OX3 7HS,Lye Valley
818275,OX3 7HT,Lye Valley
818276,OX3 7HU,Lye Valley
818277,OX3 7HW,Lye Valley
818278,OX3 7HX,Lye Valley
818279,OX3 7HY,Lye Valley
818280,OX3 7HZ,Lye Valley
818281,OX3 7JA,Lye Valley
818282,OX3 7JB,Lye Valley
818283,OX3 7JD,Lye Valley
818284,OX3 7JE,Lye Valley
818285,OX3 7JF,Lye Valley
818286,OX3 7JG,Lye Valley
818287,OX3 7JH,Lye Valley
818288,OX3 7JP,Lye Valley
818289,OX3 7JQ,Lye Valley
818290,OX3 7JR,Churchill
818291,OX3 7JS,Lye Valley
818292,OX3 7JU,Churchill
818293,OX3 7JY,Churchill
818294,OX3 7JZ,Churchill
818295,OX3 7LA,Headington
818296,OX3 7LB,Headington
818297,OX3 7LL,Churchill
818298,OX3 7LP,Churchill
818299,OX3 7LR,Churchill
818300,OX3 7LS,Headington
818301,OX3 7LT,Headington
818302,OX3 7LU,Headington
818303,OX3 7LW,Churchill
818304,OX3 7LX,Headington
818305,OX3 7LY,Churchill
818306,OX3 7LZ,Churchill
818307,OX3 7NA,Churchill
818308,OX3 7NB,Churchill
818309,OX3 7ND,Churchill
818310,OX3 7NE,Churchill
818311,OX3 7NF,Churchill
818312,OX3 7NG,Churchill
818313,OX3 7NH,Churchill
818314,OX3 7NJ,Churchill
818315,OX3 7NL,Churchill
818316,OX3 7NN,Churchill
818317,OX3 7NP,Churchill
818318,OX3 7NQ,Churchill
818319,OX3 7NR,Churchill
818320,OX3 7NS,Churchill
818321,OX3 7NU,Churchill
818322,OX3 7NW,Churchill
818323,OX3 7NX,Churchill
818324,OX3 7NZ,Headington
818325,OX3 7PA,Headington
818326,OX3 7PD,Headington
818327,OX3 7PF,Headington
818328,OX3 7PG,Headington
818329,OX3 7PH,Headington
818330,OX3 7PJ,Headington
818331,OX3 7PL,Churchill
818332,OX3 7PN,Churchill
818333,OX3 7PP,Churchill
818334,OX3 7PQ,Headington
818335,OX3 7PR,Churchill
818336,OX3 7PS,Churchill
818337,OX3 7PT,Churchill
818338,OX3 7PU,Churchill
818339,OX3 7PW,Churchill
818340,OX3 7PX,Headington
818341,OX3 7PY,Churchill
818342,OX3 7PZ,Churchill
818343,OX3 7QA,Churchill
818344,OX3 7QB,Churchill
818345,OX3 7QD,Churchill
818346,OX3 7QE,Churchill
818347,OX3 7QF,Churchill
818348,OX3 7QJ,St Clement's
818349,OX3 7QN,Churchill
818350,OX3 7QP,Churchill
818351,OX3 7QR,Churchill
818352,OX3 7QS,Churchill
818353,OX3 7QX,Churchill
818354,OX3 7RD,Headington
818355,OX3 7RE,Headington
818356,OX3 7RF,Headington
818357,OX3 7RG,Headington
818358,OX3 7RH,Headington
818359,OX3 7RJ,Headington
818360,OX3 7RL,Headington
818361,OX3 7RN,Headington
818362,OX3 7RQ,Headington
818363,OX3 7RR,Headington
818364,OX3 7RT,Headington
818365,OX3 7RU,Headington
818366,OX3 7RW,Headington
818367,OX3 7RX,Headington
818368,OX3 7RY,Headington
818369,OX3 7RZ,Headington
818370,OX3 7SA,Headington
818371,OX3 7SB,Headington
818372,OX3 7SD,Headington
818373,OX3 7SE,Lye Valley
818374,OX3 7SF,Lye Valley
818375,OX3 7SG,Lye Valley
818376,OX3 7SH,Lye Valley
818377,OX3 7SJ,Headington
818378,OX3 7SL,Headington
818379,OX3 7SN,Headington
818380,OX3 7SP,Headington
818381,OX3 7SQ,Lye Valley
818382,OX3 7SR,Headington Hill and Northway
818383,OX3 7SS,Headington
818384,OX3 7ST,Headington
818385,OX3 7SU,Headington
818386,OX3 7SY,Headington Hill and Northway
818387,OX3 7SZ,Headington
818388,OX3 7TA,Headington
818389,OX3 7TD,Headington Hill and Northway
818390,OX3 7TE,Headington Hill and Northway
818391,OX3 7TF,Headington Hill and Northway
818392,OX3 7TG,Headington Hill and Northway
818393,OX3 7TH,Headington
818394,OX3 7TJ,Headington
818395,OX3 7TL,Headington
818396,OX3 7TN,Headington
818397,OX3 7TP,Headington
818398,OX3 7TQ,Headington Hill and Northway
818399,OX3 7TR,Headington
818400,OX3 7TT,Headington Hill and Northway
818401,OX3 7TU,Headington
818402,OX3 7TW,Headington
818403,OX3 7XA,Churchill
818404,OX3 7XB,Churchill
818405,OX3 7XD,Churchill
818406,OX3 7XE,Churchill
818407,OX3 7XF,Churchill
818408,OX3 7XG,Churchill
818409,OX3 7XH,Churchill
818410,OX3 7XQ,Churchill
818411,OX3 7XR,Churchill
818412,OX3 8AA,Quarry and Risinghurst
818413,OX3 8AB,Quarry and Risinghurst
818414,OX3 8AD,Quarry and Risinghurst
818415,OX3 8AE,Quarry and Risinghurst
818416,OX3 8AF,Quarry and Risinghurst
818417,OX3 8AG,Quarry and Risinghurst
818418,OX3 8AH,Quarry and Risinghurst
818419,OX3 8AJ,Quarry and Risinghurst
818420,OX3 8AL,Quarry and Risinghurst
818421,OX3 8AN,Quarry and Risinghurst
818422,OX3 8AP,Quarry and Risinghurst
818423,OX3 8AQ,Quarry and Risinghurst
818424,OX3 8AR,Quarry and Risinghurst
818425,OX3 8AS,Headington
818426,OX3 8AT,Barton and Sandhills
818427,OX3 8AU,Quarry and Risinghurst
818428,OX3 8AW,Quarry and Risinghurst
818429,OX3 8AX,Quarry and Risinghurst
818430,OX3 8AY,Quarry and Risinghurst
818431,OX3 8AZ,Quarry and Risinghurst
818432,OX3 8BA,Quarry and Risinghurst
818433,OX3 8BB,Quarry and Risinghurst
818434,OX3 8BD,Quarry and Risinghurst
818435,OX3 8BE,Quarry and Risinghurst
818436,OX3 8BG,Barton and Sandhills
818437,OX3 8BH,Barton and Sandhills
818438,OX3 8BJ,Barton and Sandhills
818439,OX3 8BL,Barton and Sandhills
818440,OX3 8BN,Barton and Sandhills
818441,OX3 8BP,Barton and Sandhills
818442,OX3 8BQ,Barton and Sandhills
818443,OX3 8BS,Barton and Sandhills
818444,OX3 8BT,Barton and Sandhills
818445,OX3 8BU,Barton and Sandhills
818446,OX3 8BW,Barton and Sandhills
818449,OX3 8BZ,Barton and Sandhills
818450,OX3 8DA,Barton and Sandhills
818451,OX3 8DB,Quarry and Risinghurst
818452,OX3 8DH,Quarry and Risinghurst
818453,OX3 8DJ,Quarry and Risinghurst
818454,OX3 8DN,Quarry and Risinghurst
818455,OX3 8DP,Barton and Sandhills
818456,OX3 8DR,Quarry and Risinghurst
818457,OX3 8DS,Quarry and Risinghurst
818458,OX3 8DT,Quarry and Risinghurst
818459,OX3 8DU,Quarry and Risinghurst
818460,OX3 8DW,Quarry and Risinghurst
818461,OX3 8DX,Quarry and Risinghurst
818462,OX3 8DY,Barton and Sandhills
818463,OX3 8DZ,Barton and Sandhills
818464,OX3 8EA,Barton and Sandhills
818465,OX3 8EB,Barton and Sandhills
818466,OX3 8ED,Barton and Sandhills
818467,OX3 8EE,Barton and Sandhills
818468,OX3 8EF,Barton and Sandhills
818469,OX3 8EG,Barton and Sandhills
818470,OX3 8EH,Quarry and Risinghurst
818471,OX3 8EJ,Barton and Sandhills
818472,OX3 8EL,Quarry and Risinghurst
818473,OX3 8EN,Barton and Sandhills
818474,OX3 8EP,Quarry and Risinghurst
818475,OX3 8EQ,Barton and Sandhills
818476,OX3 8ER,Quarry and Risinghurst
818477,OX3 8ES,Quarry and Risinghurst
818478,OX3 8ET,Quarry and Risinghurst
818479,OX3 8EW,Barton and Sandhills
818480,OX3 8EX,Quarry and Risinghurst
818481,OX3 8EY,Quarry and Risinghurst
818482,OX3 8EZ,Quarry and Risinghurst
818483,OX3 8FA,Churchill
818484,OX3 8FE,Barton and Sandhills
818485,OX3 8FF,Barton and Sandhills
818486,OX3 8FG,Churchill
818487,OX3 8FL,Barton and Sandhills
818489,OX3 8FR,Barton and Sandhills
818490,OX3 8FS,Quarry and Risinghurst
818491,OX3 8FT,Quarry and Risinghurst
818492,OX3 8FW,Quarry and Risinghurst
818493,OX3 8FX,Quarry and Risinghurst
818494,OX3 8GB,Barton and Sandhills
818495,OX3 8GE,Churchill
818496,OX3 8HA,Quarry and Risinghurst
818497,OX3 8HB,Quarry and Risinghurst
818498,OX3 8HE,Quarry and Risinghurst
818499,OX3 8HF,Quarry and Risinghurst
818500,OX3 8HG,Quarry and Risinghurst
818501,OX3 8HH,Quarry and Risinghurst
818502,OX3 8HJ,Quarry and Risinghurst
818503,OX3 8HL,Quarry and Risinghurst
818504,OX3 8HN,Quarry and Risinghurst
818505,OX3 8HP,Quarry and Risinghurst
818506,OX3 8HQ,Quarry and Risinghurst
818507,OX3 8HR,Quarry and Risinghurst
818508,OX3 8HS,Quarry and Risinghurst
818509,OX3 8HT,Quarry and Risinghurst
818510,OX3 8HU,Quarry and Risinghurst
818511,OX3 8HW,Quarry and Risinghurst
818512,OX3 8HX,Quarry and Risinghurst
818513,OX3 8HY,Quarry and Risinghurst
818514,OX3 8HZ,Quarry and Risinghurst
818515,OX3 8JA,Quarry and Risinghurst
818516,OX3 8JB,Quarry and Risinghurst
818517,OX3 8JD,Quarry and Risinghurst
818518,OX3 8JF,Quarry and Risinghurst
818519,OX3 8JG,Quarry and Risinghurst
818520,OX3 8JH,Quarry and Risinghurst
818521,OX3 8JJ,Quarry and Risinghurst
818522,OX3 8JN,Quarry and Risinghurst
818523,OX3 8JQ,Quarry and Risinghurst
818524,OX3 8JR,Quarry and Risinghurst
818525,OX3 8JS,Quarry and Risinghurst
818526,OX3 8JT,Quarry and Risinghurst
818527,OX3 8JU,Quarry and Risinghurst
818528,OX3 8JW,Quarry and Risinghurst
818529,OX3 8JX,Quarry and Risinghurst
818530,OX3 8JY,Quarry and Risinghurst
818531,OX3 8JZ,Quarry and Risinghurst
818532,OX3 8LA,Quarry and Risinghurst
818533,OX3 8LB,Quarry and Risinghurst
818534,OX3 8LD,Quarry and Risinghurst
818535,OX3 8LE,Quarry and Risinghurst
818536,OX3 8LF,Quarry and Risinghurst
818537,OX3 8LG,Quarry and Risinghurst
818538,OX3 8LH,Quarry and Risinghurst
818539,OX3 8LJ,Quarry and Risinghurst
818540,OX3 8LL,Quarry and Risinghurst
818541,OX3 8LN,Quarry and Risinghurst
818542,OX3 8LP,Quarry and Risinghurst
818543,OX3 8LQ,Quarry and Risinghurst
818544,OX3 8LR,Quarry and Risinghurst
818545,OX3 8LS,Quarry and Risinghurst
818546,OX3 8LT,Quarry and Risinghurst
818547,OX3 8LU,Quarry and Risinghurst
818548,OX3 8LW,Quarry and Risinghurst
818549,OX3 8LX,Barton and Sandhills
818550,OX3 8LY,Barton and Sandhills
818551,OX3 8LZ,Barton and Sandhills
818552,OX3 8NB,Headington
818553,OX3 8ND,Quarry and Risinghurst
818554,OX3 8NE,Headington
818555,OX3 8NF,Headington
818556,OX3 8NG,Headington
818557,OX3 8NJ,Quarry and Risinghurst
818558,OX3 8NL,Headington
818559,OX3 8NN,Headington
818560,OX3 8NP,Quarry and Risinghurst
818561,OX3 8NQ,Quarry and Risinghurst
818562,OX3 8NR,Headington
818563,OX3 8NS,Quarry and Risinghurst
818564,OX3 8NT,Quarry and Risinghurst
818565,OX3 8NU,Quarry and Risinghurst
818566,OX3 8NW,Quarry and Risinghurst
818567,OX3 8NX,Quarry and Risinghurst
818568,OX3 8NY,Quarry and Risinghurst
818569,OX3 8NZ,Quarry and Risinghurst
818570,OX3 8PA,Quarry and Risinghurst
818571,OX3 8PB,Quarry and Risinghurst
818572,OX3 8PD,Quarry and Risinghurst
818573,OX3 8PE,Quarry and Risinghurst
818574,OX3 8PF,Quarry and Risinghurst
818575,OX3 8PJ,Churchill
818576,OX3 8PL,Barton and Sandhills
818577,OX3 8PP,Churchill
818578,OX3 8PR,Churchill
818579,OX3 8PS,Churchill
818580,OX3 8PT,Churchill
818581,OX3 8PU,Churchill
818582,OX3 8PX,Churchill
818583,OX3 8PY,Churchill
818584,OX3 8PZ,Churchill
818585,OX3 8QA,Churchill
818586,OX3 8QD,Churchill
818587,OX3 8QE,Churchill
818588,OX3 8QF,Churchill
818589,OX3 8QG,Churchill
818590,OX3 8QH,Churchill
818591,OX3 8QJ,Churchill
818592,OX3 8QL,Churchill
818593,OX3 8QN,Churchill
818594,OX3 8QP,Churchill
818595,OX3 8QQ,Churchill
818596,OX3 8QR,Churchill
818597,OX3 8QS,Churchill
818598,OX3 8QT,Churchill
818599,OX3 8QU,Churchill
818600,OX3 8QW,Churchill
818601,OX3 8QX,Churchill
818602,OX3 8QY,Churchill
818603,OX3 8RA,Churchill
818604,OX3 8RB,Churchill
818605,OX3 8RD,Churchill
818606,OX3 8RE,Churchill
818607,OX3 8RF,Churchill
818608,OX3 8RG,Churchill
818609,OX3 8RH,Churchill
818610,OX3 8RJ,Churchill
818611,OX3 8RL,Churchill
818612,OX3 8RN,Churchill
818613,OX3 8RP,Churchill
818614,OX3 8RQ,Churchill
818615,OX3 8RR,Churchill
818616,OX3 8RS,Churchill
818617,OX3 8RT,Churchill
818618,OX3 8RU,Churchill
818619,OX3 8RW,Churchill
818620,OX3 8RY,Churchill
818621,OX3 8SB,Quarry and Risinghurst
818622,OX3 8SE,Headington
818623,OX3 8SF,Quarry and Risinghurst
818624,OX3 8SS,Quarry and Risinghurst
818626,OX3 8SX,Churchill
818627,OX3 8SY,Quarry and Risinghurst
818628,OX3 8SZ,Quarry and Risinghurst
818632,OX3 8TG,Churchill
818633,OX3 8TH,Quarry and Risinghurst
818634,OX3 8TP,Quarry and Risinghurst
818635,OX3 8TR,Churchill
818636,OX3 8TS,Churchill
818637,OX3 8TT,Churchill
818639,OX3 8XD,Barton and Sandhills
818640,OX3 9AA,Headington
818641,OX3 9AE,Headington
818642,OX3 9AJ,Headington
818643,OX3 9AY,Headington
818644,OX3 9BA,Headington
818645,OX3 9BG,Barton and Sandhills
818646,OX3 9BH,Headington
818647,OX3 9BJ,Headington
818648,OX3 9BN,Headington
818649,OX3 9BS,Barton and Sandhills
818650,OX3 9BT,Headington
818651,OX3 9BU,Headington
818652,OX3 9BX,Headington
818653,OX3 9BY,Headington
818654,OX3 9DA,Headington
818655,OX3 9DB,Headington Hill and Northway
818656,OX3 9DD,Headington Hill and Northway
818657,OX3 9DE,Headington Hill and Northway
818658,OX3 9DG,Headington Hill and Northway
818659,OX3 9DH,Headington Hill and Northway
818660,OX3 9DJ,Headington Hill and Northway
818661,OX3 9DL,Headington
818662,OX3 9DN,Headington
818663,OX3 9DP,Headington
818664,OX3 9DQ,Headington Hill and Northway
818665,OX3 9DR,Headington
818666,OX3 9DT,Headington
818667,OX3 9DW,Headington
818668,OX3 9DY,Headington
818669,OX3 9ED,Quarry and Risinghurst
818670,OX3 9EE,Quarry and Risinghurst
818671,OX3 9EF,Barton and Sandhills
818672,OX3 9EG,Quarry and Risinghurst
818673,OX3 9EH,Barton and Sandhills
818674,OX3 9EJ,Barton and Sandhills
818675,OX3 9EL,Barton and Sandhills
818676,OX3 9EN,Barton and Sandhills
818677,OX3 9EP,Barton and Sandhills
818678,OX3 9ER,Barton and Sandhills
818679,OX3 9ES,Barton and Sandhills
818680,OX3 9ET,Barton and Sandhills
818681,OX3 9EU,Barton and Sandhills
818682,OX3 9EW,Barton and Sandhills
818683,OX3 9EX,Barton and Sandhills
818684,OX3 9EY,Barton and Sandhills
818685,OX3 9EZ,Barton and Sandhills
818686,OX3 9FA,Headington
818687,OX3 9HA,Barton and Sandhills
818688,OX3 9HB,Barton and Sandhills
818689,OX3 9HD,Barton and Sandhills
818690,OX3 9HE,Barton and Sandhills
818691,OX3 9HJ,Barton and Sandhills
818692,OX3 9HN,Headington
818693,OX3 9HP,Headington
818694,OX3 9HT,Headington
818695,OX3 9HU,Headington
818696,OX3 9HW,Headington
818697,OX3 9HX,Headington
818698,OX3 9HY,Headington
818699,OX3 9HZ,Headington
818700,OX3 9JA,Barton and Sandhills
818701,OX3 9JB,Barton and Sandhills
818702,OX3 9JD,Barton and Sandhills
818703,OX3 9JE,Barton and Sandhills
818704,OX3 9JF,Barton and Sandhills
818705,OX3 9JG,Barton and Sandhills
818706,OX3 9JH,Barton and Sandhills
818707,OX3 9JJ,Barton and Sandhills
818708,OX3 9JL,Barton and Sandhills
818709,OX3 9JN,Barton and Sandhills
818710,OX3 9JP,Headington
818711,OX3 9JQ,Barton and Sandhills
818712,OX3 9JR,Barton and Sandhills
818713,OX3 9JS,Barton and Sandhills
818714,OX3 9JU,Headington
818715,OX3 9JW,Barton and Sandhills
818716,OX3 9JX,Barton and Sandhills
818717,OX3 9JY,Barton and Sandhills
818718,OX3 9JZ,Barton and Sandhills
818719,OX3 9LA,Barton and Sandhills
818720,OX3 9LB,Barton and Sandhills
818721,OX3 9LD,Barton and Sandhills
818722,OX3 9LE,Barton and Sandhills
818723,OX3 9LF,Barton and Sandhills
818724,OX3 9LG,Barton and Sandhills
818725,OX3 9LH,Barton and Sandhills
818726,OX3 9LJ,Barton and Sandhills
818727,OX3 9LL,Barton and Sandhills
818728,OX3 9LN,Barton and Sandhills
818729,OX3 9LP,Barton and Sandhills
818730,OX3 9LQ,Barton and Sandhills
818731,OX3 9LR,Barton and Sandhills
818732,OX3 9LT,Barton and Sandhills
818733,OX3 9LU,Barton and Sandhills
818734,OX3 9LW,Barton and Sandhills
818735,OX3 9LX,Barton and Sandhills
818736,OX3 9LY,Barton and Sandhills
818737,OX3 9LZ,Barton and Sandhills
818738,OX3 9NA,Barton and Sandhills
818739,OX3 9NB,Barton and Sandhills
818740,OX3 9ND,Barton and Sandhills
818741,OX3 9NE,Barton and Sandhills
818742,OX3 9NF,Barton and Sandhills
818743,OX3 9NG,Barton and Sandhills
818744,OX3 9NH,Barton and Sandhills
818745,OX3 9NJ,Barton and Sandhills
818746,OX3 9NL,Barton and Sandhills
818747,OX3 9NN,Barton and Sandhills
818748,OX3 9NQ,Barton and Sandhills
818749,OX3 9NR,Barton and Sandhills
818750,OX3 9NS,Barton and Sandhills
818751,OX3 9NW,Barton and Sandhills
818752,OX3 9NX,Barton and Sandhills
818753,OX3 9NY,Barton and Sandhills
818754,OX3 9NZ,Barton and Sandhills
818755,OX3 9PA,Barton and Sandhills
818756,OX3 9PB,Barton and Sandhills
818757,OX3 9PD,Barton and Sandhills
818758,OX3 9PE,Barton and Sandhills
818759,OX3 9PF,Barton and Sandhills
818760,OX3 9PG,Barton and Sandhills
818761,OX3 9PH,Barton and Sandhills
818762,OX3 9PJ,Barton and Sandhills
818763,OX3 9PL,Barton and Sandhills
818764,OX3 9PP,Barton and Sandhills
818765,OX3 9PQ,Barton and Sandhills
818766,OX3 9PR,Barton and Sandhills
818767,OX3 9PS,Headington Hill and Northway
818768,OX3 9PT,Headington Hill and Northway
818769,OX3 9PU,Headington Hill and Northway
818770,OX3 9PW,Barton and Sandhills
818771,OX3 9PX,Headington Hill and Northway
818772,OX3 9PY,Headington Hill and Northway
818773,OX3 9PZ,Headington Hill and Northway
818774,OX3 9QA,Headington Hill and Northway
818775,OX3 9QB,Headington Hill and Northway
818776,OX3 9QD,Headington Hill and Northway
818777,OX3 9QE,Headington Hill and Northway
818778,OX3 9QF,Headington Hill and Northway
818779,OX3 9QG,Headington Hill and Northway
818780,OX3 9QH,Headington Hill and Northway
818781,OX3 9QJ,Headington Hill and Northway
818782,OX3 9QL,Headington Hill and Northway
818783,OX3 9QN,Headington Hill and Northway
818784,OX3 9QP,Headington Hill and Northway
818785,OX3 9QQ,Headington Hill and Northway
818786,OX3 9QR,Headington Hill and Northway
818787,OX3 9QS,Headington Hill and Northway
818788,OX3 9QW,Headington Hill and Northway
818789,OX3 9QX,Headington Hill and Northway
818790,OX3 9QY,Headington Hill and Northway
818791,OX3 9QZ,Headington Hill and Northway
818792,OX3 9RA,Headington Hill and Northway
818793,OX3 9RB,Headington Hill and Northway
818794,OX3 9RD,Headington Hill and Northway
818795,OX3 9RE,Headington Hill and Northway
818796,OX3 9RF,Headington Hill and Northway
818797,OX3 9RG,Headington Hill and Northway
818798,OX3 9RH,Headington Hill and Northway
818799,OX3 9RL,Headington Hill and Northway
818800,OX3 9RN,Barton and Sandhills
818801,OX3 9RQ,Headington Hill and Northway
818809,OX3 9SG,Barton and Sandhills
818810,OX3 9SH,Barton and Sandhills
818811,OX3 9SJ,Barton and Sandhills
818815,OX3 9SQ,Barton and Sandhills
818858,OX3 9YD,Littlemore
819316,OX4 1AA,St Clement's
819317,OX4 1AB,St Clement's
819318,OX4 1AD,St Clement's
819319,OX4 1AE,St Clement's
819320,OX4 1AF,St Clement's
819321,OX4 1AG,St Clement's
819322,OX4 1AH,St Clement's
819323,OX4 1AP,St Clement's
819324,OX4 1AR,St Clement's
819325,OX4 1AS,St Clement's
819326,OX4 1AU,St Clement's
819327,OX4 1AW,St Clement's
819328,OX4 1AX,St Clement's
819329,OX4 1AY,St Clement's
819330,OX4 1AZ,St Clement's
819331,OX4 1BA,St Clement's
819332,OX4 1BD,St Clement's
819333,OX4 1BE,St Clement's
819334,OX4 1BG,St Clement's
819335,OX4 1BH,St Clement's
819336,OX4 1BJ,St Clement's
819337,OX4 1BN,St Clement's
819338,OX4 1BT,St Clement's
819339,OX4 1BU,St Clement's
819340,OX4 1BW,St Clement's
819341,OX4 1BX,St Clement's
819342,OX4 1BY,St Clement's
819343,OX4 1BZ,St Clement's
819344,OX4 1DA,St Clement's
819345,OX4 1DD,St Clement's
819346,OX4 1DE,St Clement's
819347,OX4 1DF,St Clement's
819348,OX4 1DG,St Clement's
819349,OX4 1DL,St Clement's
819350,OX4 1DQ,St Clement's
819351,OX4 1DT,St Clement's
819352,OX4 1DW,St Clement's
819353,OX4 1DY,St Mary's
819354,OX4 1DZ,St Mary's
819355,OX4 1EA,St Mary's
819356,OX4 1EB,St Mary's
819357,OX4 1EF,St Mary's
819358,OX4 1EG,St Mary's
819359,OX4 1EH,St Mary's
819360,OX4 1EJ,St Mary's
819361,OX4 1EL,St Mary's
819362,OX4 1EN,St Mary's
819363,OX4 1EP,St Mary's
819364,OX4 1EQ,St Mary's
819365,OX4 1ER,St Mary's
819366,OX4 1ES,St Mary's
819367,OX4 1ET,St Mary's
819368,OX4 1EU,St Mary's
819369,OX4 1EW,St Mary's
819370,OX4 1EX,St Mary's
819371,OX4 1EZ,St Mary's
819372,OX4 1FA,St Mary's
819373,OX4 1FN,St Clement's
819374,OX4 1FQ,St Mary's
819375,OX4 1FW,St Mary's
819376,OX4 1FY,St Clement's
819377,OX4 1GA,St Clement's
819378,OX4 1GB,St Clement's
819379,OX4 1GD,St Clement's
819380,OX4 1GE,St Clement's
819381,OX4 1GQ,St Clement's
819382,OX4 1GS,St Mary's
819383,OX4 1GY,St Clement's
819384,OX4 1HA,St Mary's
819385,OX4 1HB,St Mary's
819386,OX4 1HD,St Mary's
819387,OX4 1HE,St Mary's
819388,OX4 1HF,St Mary's
819389,OX4 1HG,St Mary's
819390,OX4 1HP,St Clement's
819391,OX4 1HR,St Clement's
819392,OX4 1HU,St Clement's
819393,OX4 1HX,St Mary's
819394,OX4 1HY,St Mary's
819395,OX4 1HZ,St Mary's
819396,OX4 1JB,St Mary's
819397,OX4 1JE,St Mary's
819398,OX4 1JJ,St Mary's
819399,OX4 1JL,St Clement's
819400,OX4 1JP,St Clement's
819401,OX4 1JR,St Mary's
819402,OX4 1JS,St Mary's
819403,OX4 1JT,St Mary's
819404,OX4 1JU,St Mary's
819405,OX4 1JW,St Clement's
819406,OX4 1JX,St Mary's
819407,OX4 1LE,St Clement's
819408,OX4 1LH,St Clement's
819409,OX4 1LJ,St Clement's
819410,OX4 1LN,St Clement's
819411,OX4 1LP,St Clement's
819412,OX4 1LR,St Clement's
819413,OX4 1LS,St Clement's
819414,OX4 1LT,St Clement's
819415,OX4 1LU,St Clement's
819416,OX4 1LW,St Clement's
819417,OX4 1LX,St Clement's
819418,OX4 1LY,St Clement's
819419,OX4 1LZ,St Clement's
819420,OX4 1NA,St Clement's
819421,OX4 1NB,St Clement's
819422,OX4 1ND,St Clement's
819423,OX4 1NE,St Clement's
819424,OX4 1NF,St Clement's
819425,OX4 1NG,St Clement's
819426,OX4 1NH,St Clement's
819427,OX4 1NJ,St Clement's
819428,OX4 1NL,St Clement's
819429,OX4 1NQ,St Clement's
819430,OX4 1NT,St Clement's
819431,OX4 1NU,St Clement's
819432,OX4 1NX,St Clement's
819433,OX4 1NY,St Clement's
819434,OX4 1NZ,St Clement's
819435,OX4 1PA,St Clement's
819436,OX4 1PB,St Clement's
819437,OX4 1PD,St Clement's
819438,OX4 1PE,St Clement's
819439,OX4 1PH,St Clement's
819440,OX4 1PN,St Mary's
819441,OX4 1PR,St Mary's
819442,OX4 1PS,St Mary's
819443,OX4 1PU,St Mary's
819444,OX4 1PX,St Mary's
819445,OX4 1PY,St Mary's
819446,OX4 1PZ,St Mary's
819447,OX4 1QA,St Mary's
819448,OX4 1QB,St Mary's
819449,OX4 1QD,St Mary's
819450,OX4 1QE,St Mary's
819451,OX4 1QG,St Mary's
819452,OX4 1QH,St Mary's
819453,OX4 1QJ,St Mary's
819454,OX4 1QL,St Mary's
819455,OX4 1QN,St Mary's
819456,OX4 1QP,St Mary's
819457,OX4 1QQ,St Mary's
819458,OX4 1QR,St Mary's
819459,OX4 1QS,St Mary's
819460,OX4 1QU,St Mary's
819461,OX4 1QW,St Mary's
819462,OX4 1QX,St Mary's
819463,OX4 1QY,St Mary's
819464,OX4 1QZ,St Mary's
819465,OX4 1RB,St Mary's
819466,OX4 1RE,St Mary's
819467,OX4 1RG,St Mary's
819468,OX4 1RH,St Mary's
819469,OX4 1RJ,St Mary's
819470,OX4 1RL,St Mary's
819471,OX4 1RN,St Mary's
819472,OX4 1RP,St Mary's
819473,OX4 1RQ,St Mary's
819474,OX4 1RU,St Mary's
819475,OX4 1RW,St Mary's
819476,OX4 1SA,Iffley Fields
819477,OX4 1SB,Iffley Fields
819478,OX4 1SD,Iffley Fields
819479,OX4 1SE,Iffley Fields
819480,OX4 1SH,St Mary's
819481,OX4 1SJ,St Mary's
819482,OX4 1SL,Iffley Fields
819483,OX4 1SN,Iffley Fields
819484,OX4 1SP,Iffley Fields
819485,OX4 1SQ,St Mary's
819486,OX4 1SS,Iffley Fields
819487,OX4 1ST,Iffley Fields
819488,OX4 1SU,Iffley Fields
819489,OX4 1SW,Iffley Fields
819490,OX4 1SX,Iffley Fields
819491,OX4 1SY,Iffley Fields
819492,OX4 1SZ,Iffley Fields
819493,OX4 1TA,Iffley Fields
819494,OX4 1TB,Iffley Fields
819495,OX4 1TD,Iffley Fields
819496,OX4 1TE,Iffley Fields
819497,OX4 1TF,Iffley Fields
819498,OX4 1TG,Iffley Fields
819499,OX4 1TH,Iffley Fields
819500,OX4 1TL,Iffley Fields
819501,OX4 1TQ,Iffley Fields
819502,OX4 1TW,St Mary's
819503,OX4 1TY,St Mary's
819504,OX4 1TZ,St Mary's
819505,OX4 1UA,St Clement's
819506,OX4 1UE,St Mary's
819507,OX4 1UF,St Mary's
819508,OX4 1UH,St Mary's
819509,OX4 1UQ,St Mary's
819510,OX4 1UR,St Mary's
819511,OX4 1UT,St Clement's
819512,OX4 1XA,St Clement's
819513,OX4 1XF,St Clement's
819514,OX4 1XG,St Clement's
819515,OX4 1XH,St Clement's
819516,OX4 1XL,St Clement's
819517,OX4 1XP,St Clement's
819518,OX4 1XQ,St Clement's
819519,OX4 1XR,St Clement's
819520,OX4 1XU,St Clement's
819521,OX4 1XW,St Clement's
819522,OX4 1XX,St Clement's
819523,OX4 1XY,St Mary's
819524,OX4 1XZ,St Mary's
819525,OX4 1YA,St Mary's
819526,OX4 1YB,St Mary's
819527,OX4 1YD,St Mary's
819528,OX4 1YL,St Clement's
819529,OX4 1YS,St Clement's
819530,OX4 1YZ,St Clement's
819531,OX4 2AD,St Clement's
819532,OX4 2AE,Cowley Marsh
819533,OX4 2AF,Cowley Marsh
819534,OX4 2AG,Cowley Marsh
819535,OX4 2AJ,St Clement's
819536,OX4 2AL,Cowley Marsh
819537,OX4 2AN,Cowley Marsh
819538,OX4 2AP,Cowley Marsh
819539,OX4 2AQ,Cowley Marsh
819540,OX4 2AR,Cowley Marsh
819541,OX4 2AS,Cowley Marsh
819542,OX4 2AW,Cowley Marsh
819543,OX4 2AX,Cowley Marsh
819544,OX4 2AZ,Cowley Marsh
819545,OX4 2BA,Cowley Marsh
819546,OX4 2BB,Cowley Marsh
819547,OX4 2BG,Cowley Marsh
819548,OX4 2BP,Cowley Marsh
819549,OX4 2BQ,Cowley Marsh
819550,OX4 2BS,Cowley Marsh
819551,OX4 2BU,Cowley
819552,OX4 2BX,Cowley Marsh
819553,OX4 2BY,Cowley Marsh
819554,OX4 2BZ,Cowley Marsh
819555,OX4 2DA,Cowley Marsh
819556,OX4 2DB,Cowley Marsh
819557,OX4 2DD,Cowley Marsh
819558,OX4 2DH,Cowley Marsh
819559,OX4 2DJ,Cowley Marsh
819560,OX4 2DL,Cowley Marsh
819561,OX4 2DN,Cowley Marsh
819562,OX4 2DP,Cowley Marsh
819563,OX4 2DR,Cowley Marsh
819564,OX4 2DS,Cowley Marsh
819565,OX4 2DT,Cowley Marsh
819566,OX4 2DU,Cowley Marsh
819567,OX4 2DW,Cowley Marsh
819568,OX4 2EA,Cowley Marsh
819569,OX4 2ED,Cowley Marsh
819570,OX4 2EE,Cowley Marsh
819571,OX4 2EF,Cowley Marsh
819572,OX4 2EL,Cowley Marsh
819573,OX4 2EN,Cowley Marsh
819574,OX4 2EP,Cowley Marsh
819575,OX4 2ER,Cowley Marsh
819576,OX4 2ES,Cowley Marsh
819577,OX4 2ET,Cowley Marsh
819578,OX4 2EU,Cowley Marsh
819579,OX4 2EW,Cowley Marsh
819580,OX4 2EX,Cowley Marsh
819581,OX4 2EZ,Cowley Marsh
819582,OX4 2FB,Cowley Marsh
819583,OX4 2FG,Cowley Marsh
819584,OX4 2FN,Cowley Marsh
819585,OX4 2FQ,Cowley Marsh
819586,OX4 2FU,Cowley Marsh
819587,OX4 2FW,Cowley Marsh
819588,OX4 2FY,Lye Valley
819589,OX4 2GE,Cowley Marsh
819590,OX4 2GF,Cowley Marsh
819591,OX4 2GG,Cowley Marsh
819592,OX4 2GN,Cowley Marsh
819593,OX4 2GW,Cowley Marsh
819594,OX4 2GY,Cowley Marsh
819595,OX4 2GZ,Lye Valley
819596,OX4 2HB,Cowley Marsh
819597,OX4 2HD,Cowley Marsh
819598,OX4 2HE,Cowley Marsh
819599,OX4 2HF,Cowley Marsh
819600,OX4 2HG,Cowley Marsh
819601,OX4 2HH,Cowley Marsh
819602,OX4 2HJ,Cowley Marsh
819603,OX4 2HQ,Cowley Marsh
819604,OX4 2HR,Cowley Marsh
819605,OX4 2HS,Cowley Marsh
819606,OX4 2HX,Lye Valley
819607,OX4 2HY,Lye Valley
819608,OX4 2HZ,Lye Valley
819609,OX4 2JB,Lye Valley
819610,OX4 2JD,Lye Valley
819611,OX4 2JE,Lye Valley
819612,OX4 2JF,Lye Valley
819613,OX4 2JG,Lye Valley
819614,OX4 2JH,Lye Valley
819615,OX4 2JJ,Lye Valley
819616,OX4 2JL,Lye Valley
819617,OX4 2JN,Lye Valley
819618,OX4 2JP,Lye Valley
819619,OX4 2JQ,Lye Valley
819620,OX4 2JR,Lye Valley
819621,OX4 2JS,Lye Valley
819622,OX4 2JT,Lye Valley
819623,OX4 2JW,Lye Valley
819624,OX4 2JX,Cowley Marsh
819625,OX4 2LA,Cowley Marsh
819626,OX4 2LD,Cowley Marsh
819627,OX4 2LF,Cowley
819628,OX4 2LG,Cowley
819629,OX4 2NA,Cowley Marsh
819630,OX4 2NB,Lye Valley
819631,OX4 2ND,Cowley Marsh
819632,OX4 2NE,Cowley Marsh
819633,OX4 2NH,Lye Valley
819634,OX4 2NJ,Lye Valley
819635,OX4 2NL,Lye Valley
819636,OX4 2NP,Lye Valley
819637,OX4 2NQ,Lye Valley
819638,OX4 2NR,Lye Valley
819639,OX4 2NS,Cowley Marsh
819640,OX4 2NT,Cowley Marsh
819641,OX4 2NU,Cowley Marsh
819642,OX4 2NW,Lye Valley
819643,OX4 2NX,Cowley Marsh
819644,OX4 2NY,Cowley Marsh
819645,OX4 2NZ,Cowley Marsh
819646,OX4 2PA,Cowley Marsh
819647,OX4 2PB,Cowley Marsh
819648,OX4 2PD,Cowley Marsh
819649,OX4 2PE,Cowley Marsh
819650,OX4 2PL,Cowley Marsh
819651,OX4 2PP,Lye Valley
819652,OX4 2PQ,Cowley Marsh
819653,OX4 2PR,Lye Valley
819654,OX4 2PS,Lye Valley
819655,OX4 2PU,Lye Valley
819656,OX4 2PW,Lye Valley
819657,OX4 2PX,Lye Valley
819658,OX4 2PY,Lye Valley
819659,OX4 2QA,Lye Valley
819660,OX4 2QB,Lye Valley
819661,OX4 2QD,Lye Valley
819662,OX4 2QE,Lye Valley
819663,OX4 2QF,Lye Valley
819664,OX4 2QG,Lye Valley
819665,OX4 2QH,Lye Valley
819666,OX4 2QJ,Lye Valley
819667,OX4 2QL,Lye Valley
819668,OX4 2QN,Lye Valley
819669,OX4 2QP,Lye Valley
819670,OX4 2QQ,Lye Valley
819671,OX4 2QR,Lye Valley
819672,OX4 2QS,Lye Valley
819673,OX4 2QT,Lye Valley
819674,OX4 2QU,Lye Valley
819675,OX4 2QW,Lye Valley
819676,OX4 2QX,Lye Valley
819677,OX4 2QY,Lye Valley
819678,OX4 2RA,Lye Valley
819679,OX4 2RB,Lye Valley
819680,OX4 2RG,Lye Valley
819681,OX4 2RH,Lye Valley
819682,OX4 2RQ,Lye Valley
819684,OX4 2RX,Cowley Marsh
819685,OX4 2RY,Lye Valley
819686,OX4 2SF,Cowley Marsh
819687,OX4 2SG,Cowley Marsh
819688,OX4 2SW,Cowley Marsh
819689,OX4 2TA,Lye Valley
819690,OX4 2TB,Lye Valley
819691,OX4 2TD,Lye Valley
819692,OX4 2TE,Lye Valley
819693,OX4 2TF,Lye Valley
819694,OX4 2TG,Lye Valley
819695,OX4 2TH,Lye Valley
819696,OX4 2TJ,Lye Valley
819697,OX4 2TL,Lye Valley
819698,OX4 2TN,Lye Valley
819699,OX4 2TQ,Lye Valley
819700,OX4 2UA,Cowley Marsh
819701,OX4 2UB,Cowley Marsh
819702,OX4 2UE,Lye Valley
819703,OX4 2UF,Lye Valley
819704,OX4 2UG,Cowley Marsh
819705,OX4 2UH,Lye Valley
819706,OX4 2UL,Cowley Marsh
819707,OX4 2UN,Cowley Marsh
819708,OX4 2UQ,Cowley Marsh
819709,OX4 2UW,Cowley Marsh
819710,OX4 2WA,Lye Valley
819711,OX4 2YB,Cowley Marsh
819712,OX4 2YD,Cowley Marsh
819713,OX4 2YE,Cowley Marsh
819714,OX4 2YF,Cowley Marsh
819715,OX4 2YG,Cowley Marsh
819716,OX4 3AA,Iffley Fields
819717,OX4 3AB,Iffley Fields
819718,OX4 3AD,Iffley Fields
819719,OX4 3AF,Iffley Fields
819720,OX4 3AG,Iffley Fields
819721,OX4 3AH,Iffley Fields
819722,OX4 3AJ,Iffley Fields
819723,OX4 3AL,Iffley Fields
819724,OX4 3AN,Iffley Fields
819725,OX4 3AP,Iffley Fields
819726,OX4 3AQ,Iffley Fields
819727,OX4 3AR,Iffley Fields
819728,OX4 3AS,Iffley Fields
819729,OX4 3AT,Iffley Fields
819730,OX4 3AU,Iffley Fields
819731,OX4 3AW,Iffley Fields
819732,OX4 3AX,Iffley Fields
819733,OX4 3AY,Iffley Fields
819734,OX4 3AZ,Iffley Fields
819735,OX4 3BA,Iffley Fields
819736,OX4 3BB,Iffley Fields
819737,OX4 3BD,Iffley Fields
819738,OX4 3BE,Iffley Fields
819739,OX4 3BG,Iffley Fields
819740,OX4 3BH,Iffley Fields
819741,OX4 3BQ,Iffley Fields
819742,OX4 3BS,Iffley Fields
819743,OX4 3BT,Iffley Fields
819744,OX4 3BU,Iffley Fields
819745,OX4 3BW,Cowley
819746,OX4 3BX,Iffley Fields
819747,OX4 3BY,Cowley Marsh
819748,OX4 3BZ,Cowley Marsh
819749,OX4 3DA,Cowley Marsh
819750,OX4 3DB,Cowley Marsh
819751,OX4 3DD,Iffley Fields
819752,OX4 3DE,Iffley Fields
819753,OX4 3DF,Iffley Fields
819754,OX4 3DG,Iffley Fields
819755,OX4 3DH,Cowley Marsh
819756,OX4 3DJ,Cowley Marsh
819757,OX4 3DL,Cowley Marsh
819758,OX4 3DN,Cowley Marsh
819759,OX4 3DQ,Cowley Marsh
819760,OX4 3DS,Iffley Fields
819761,OX4 3DT,Cowley Marsh
819762,OX4 3EA,Cowley Marsh
819763,OX4 3EB,Cowley Marsh
819764,OX4 3ED,Cowley Marsh
819765,OX4 3EE,Cowley Marsh
819766,OX4 3EF,Cowley Marsh
819767,OX4 3EG,Cowley
819768,OX4 3EH,Cowley Marsh
819769,OX4 3EJ,Cowley
819770,OX4 3EL,Cowley
819771,OX4 3EN,Cowley
819772,OX4 3EP,Cowley
819773,OX4 3EQ,Cowley
819774,OX4 3ER,Cowley
819775,OX4 3EW,Cowley
819776,OX4 3HA,Cowley
819777,OX4 3HB,Cowley
819778,OX4 3HD,Cowley
819779,OX4 3HH,Cowley
819780,OX4 3HJ,Cowley
819781,OX4 3HL,Cowley
819782,OX4 3HN,Cowley
819783,OX4 3HP,Cowley
819784,OX4 3HS,Cowley
819785,OX4 3HT,Cowley
819786,OX4 3HU,Cowley
819787,OX4 3HW,Cowley
819788,OX4 3HX,Cowley
819789,OX4 3HY,Cowley
819790,OX4 3HZ,Cowley
819791,OX4 3JA,Cowley
819792,OX4 3JB,Cowley
819793,OX4 3JD,Cowley
819794,OX4 3JE,Cowley
819795,OX4 3JF,Cowley
819796,OX4 3JG,Cowley
819797,OX4 3JL,Cowley
819798,OX4 3JR,Cowley
819799,OX4 3JS,Cowley
819800,OX4 3JT,Cowley
819801,OX4 3JU,Cowley
819802,OX4 3JW,Cowley
819803,OX4 3JX,Cowley
819804,OX4 3JY,Cowley
819805,OX4 3LA,Cowley
819806,OX4 3LB,Cowley
819807,OX4 3LD,Cowley
819808,OX4 3LE,Cowley
819809,OX4 3LF,Cowley
819810,OX4 3LG,Littlemore
819811,OX4 3LH,Cowley
819812,OX4 3LJ,Cowley
819813,OX4 3LL,Cowley
819814,OX4 3LN,Cowley
819815,OX4 3LQ,Cowley
819816,OX4 3LW,Cowley
819817,OX4 3LX,Cowley
819818,OX4 3LZ,Cowley
819819,OX4 3ND,Cowley
819820,OX4 3NE,Cowley
819821,OX4 3NH,Cowley
819822,OX4 3NJ,Cowley
819823,OX4 3NL,Cowley
819824,OX4 3NN,Cowley
819825,OX4 3NP,Cowley
819826,OX4 3NR,Cowley
819827,OX4 3NS,Cowley
819828,OX4 3NT,Cowley
819829,OX4 3NU,Cowley
819830,OX4 3NW,Cowley
819831,OX4 3NX,Cowley
819832,OX4 3NY,Cowley
819833,OX4 3NZ,Cowley
819834,OX4 3PA,Cowley
819835,OX4 3PB,Cowley
819836,OX4 3PD,Cowley
819837,OX4 3PE,Cowley
819838,OX4 3PF,Cowley
819839,OX4 3PG,Cowley
819840,OX4 3PH,Cowley
819841,OX4 3PJ,Cowley
819842,OX4 3PL,Cowley
819843,OX4 3PN,Cowley
819844,OX4 3PQ,Cowley
819845,OX4 3PW,Cowley
819846,OX4 3QA,Littlemore
819847,OX4 3QB,Littlemore
819848,OX4 3QD,Littlemore
819849,OX4 3QF,Littlemore
819850,OX4 3QG,Littlemore
819851,OX4 3QH,Cowley
819852,OX4 3QJ,Cowley
819853,OX4 3QL,Cowley
819854,OX4 3QN,Cowley
819855,OX4 3QP,Cowley
819856,OX4 3QQ,Cowley
819857,OX4 3QR,Cowley
819858,OX4 3QS,Cowley
819859,OX4 3QT,Cowley
819860,OX4 3QU,Cowley
819861,OX4 3QW,Cowley
819862,OX4 3QX,Cowley
819863,OX4 3QY,Cowley
819864,OX4 3QZ,Cowley
819865,OX4 3RA,Cowley
819866,OX4 3RB,Cowley
819867,OX4 3RD,Cowley
819868,OX4 3RE,Cowley
819869,OX4 3RF,Cowley
819870,OX4 3RG,Cowley
819871,OX4 3RH,Cowley
819872,OX4 3RJ,Cowley
819873,OX4 3RL,Cowley
819874,OX4 3RN,Cowley
819875,OX4 3RQ,Cowley
819876,OX4 3RZ,Rose Hill and Iffley
819877,OX4 3SA,Rose Hill and Iffley
819878,OX4 3SB,Rose Hill and Iffley
819879,OX4 3SD,Rose Hill and Iffley
819880,OX4 3SE,Rose Hill and Iffley
819881,OX4 3SF,Rose Hill and Iffley
819882,OX4 3SG,Rose Hill and Iffley
819883,OX4 3SH,Littlemore
819884,OX4 3SJ,Littlemore
819885,OX4 3SL,Littlemore
819886,OX4 3SN,Littlemore
819887,OX4 3SP,Littlemore
819888,OX4 3SQ,Littlemore
819889,OX4 3SR,Littlemore
819890,OX4 3SS,Littlemore
819891,OX4 3ST,Littlemore
819892,OX4 3SU,Littlemore
819893,OX4 3SW,Littlemore
819894,OX4 3SX,Littlemore
819895,OX4 3TA,Littlemore
819896,OX4 3TG,Littlemore
819897,OX4 3TH,Littlemore
819898,OX4 3TJ,Littlemore
819899,OX4 3TL,Littlemore
819900,OX4 3TN,Littlemore
819901,OX4 3TP,Littlemore
819902,OX4 3TR,Littlemore
819903,OX4 3TS,Littlemore
819904,OX4 3TT,Littlemore
819905,OX4 3TU,Littlemore
819906,OX4 3TW,Littlemore
819907,OX4 3TX,Littlemore
819908,OX4 3TY,Littlemore
819909,OX4 3TZ,Littlemore
819910,OX4 3UA,Littlemore
819911,OX4 3UB,Littlemore
819912,OX4 3UD,Littlemore
819913,OX4 3UE,Littlemore
819914,OX4 3UJ,Littlemore
819915,OX4 3UT,Cowley
819916,OX4 3UU,Cowley
819917,OX4 3UX,Cowley
819918,OX4 3XH,Cowley
819919,OX4 3XR,Cowley
819920,OX4 3XX,Cowley
819921,OX4 3YF,Cowley
819922,OX4 3YG,Cowley
819923,OX4 3YJ,Cowley
819924,OX4 4AA,Iffley Fields
819925,OX4 4AE,Iffley Fields
819926,OX4 4AF,Iffley Fields
819927,OX4 4AG,Iffley Fields
819928,OX4 4AJ,Iffley Fields
819929,OX4 4AL,Iffley Fields
819930,OX4 4AN,Iffley Fields
819931,OX4 4AP,Iffley Fields
819932,OX4 4AQ,Iffley Fields
819933,OX4 4AR,Iffley Fields
819934,OX4 4AS,Rose Hill and Iffley
819935,OX4 4AT,Iffley Fields
819936,OX4 4AU,Iffley Fields
819937,OX4 4AW,Iffley Fields
819938,OX4 4AX,Iffley Fields
819939,OX4 4AY,Iffley Fields
819940,OX4 4AZ,Iffley Fields
819941,OX4 4BA,Iffley Fields
819942,OX4 4BB,Iffley Fields
819943,OX4 4BD,Iffley Fields
819944,OX4 4BE,Iffley Fields
819945,OX4 4BG,Iffley Fields
819946,OX4 4BH,Iffley Fields
819947,OX4 4BJ,Iffley Fields
819948,OX4 4BL,Iffley Fields
819949,OX4 4BQ,Iffley Fields
819950,OX4 4BS,Iffley Fields
819951,OX4 4BT,Iffley Fields
819952,OX4 4BU,Iffley Fields
819953,OX4 4BX,Iffley Fields
819954,OX4 4BZ,Iffley Fields
819955,OX4 4DA,Iffley Fields
819956,OX4 4DF,Rose Hill and Iffley
819957,OX4 4DG,Rose Hill and Iffley
819958,OX4 4DH,Cowley
819959,OX4 4DJ,Rose Hill and Iffley
819960,OX4 4DN,Rose Hill and Iffley
819961,OX4 4DP,Iffley Fields
819962,OX4 4DS,Rose Hill and Iffley
819963,OX4 4DT,Rose Hill and Iffley
819964,OX4 4DU,Rose Hill and Iffley
819965,OX4 4DW,Rose Hill and Iffley
819966,OX4 4DY,Rose Hill and Iffley
819967,OX4 4EA,Rose Hill and Iffley
819968,OX4 4EB,Rose Hill and Iffley
819969,OX4 4ED,Rose Hill and Iffley
819970,OX4 4EE,Rose Hill and Iffley
819971,OX4 4EF,Rose Hill and Iffley
819972,OX4 4EG,Rose Hill and Iffley
819973,OX4 4EH,Rose Hill and Iffley
819974,OX4 4EJ,Rose Hill and Iffley
819975,OX4 4EL,Hinksey Park
819976,OX4 4EN,Rose Hill and Iffley
819977,OX4 4EP,Rose Hill and Iffley
819978,OX4 4EQ,Rose Hill and Iffley
819979,OX4 4ER,Rose Hill and Iffley
819980,OX4 4ES,Rose Hill and Iffley
819981,OX4 4ET,Rose Hill and Iffley
819982,OX4 4EU,Rose Hill and Iffley
819983,OX4 4EW,Rose Hill and Iffley
819984,OX4 4EX,Rose Hill and Iffley
819985,OX4 4EY,Rose Hill and Iffley
819986,OX4 4FA,Iffley Fields
819987,OX4 4FE,Rose Hill and Iffley
819988,OX4 4FF,Rose Hill and Iffley
819989,OX4 4FG,Rose Hill and Iffley
819990,OX4 4FN,Rose Hill and Iffley
819991,OX4 4FW,Littlemore
819992,OX4 4GF,Littlemore
819993,OX4 4GG,Littlemore
819994,OX4 4GN,Rose Hill and Iffley
819995,OX4 4GP,Littlemore
819996,OX4 4GW,Rose Hill and Iffley
819997,OX4 4GY,Littlemore
819998,OX4 4GZ,Rose Hill and Iffley
819999,OX4 4HB,Rose Hill and Iffley
820000,OX4 4HE,Rose Hill and Iffley
820001,OX4 4HH,Rose Hill and Iffley
820002,OX4 4HJ,Rose Hill and Iffley
820003,OX4 4HN,Rose Hill and Iffley
820004,OX4 4HP,Rose Hill and Iffley
820005,OX4 4HR,Rose Hill and Iffley
820006,OX4 4HS,Rose Hill and Iffley
820007,OX4 4HT,Rose Hill and Iffley
820008,OX4 4HW,Rose Hill and Iffley
820009,OX4 4HX,Rose Hill and Iffley
820010,OX4 4HY,Rose Hill and Iffley
820011,OX4 4HZ,Rose Hill and Iffley
820012,OX4 4JA,Rose Hill and Iffley
820013,OX4 4JB,Rose Hill and Iffley
820014,OX4 4JD,Rose Hill and Iffley
820015,OX4 4JE,Rose Hill and Iffley
820016,OX4 4JF,Rose Hill and Iffley
820017,OX4 4JG,Rose Hill and Iffley
820018,OX4 4JH,Rose Hill and Iffley
820019,OX4 4JJ,Rose Hill and Iffley
820020,OX4 4JL,Rose Hill and Iffley
820021,OX4 4JN,Rose Hill and Iffley
820022,OX4 4JP,Rose Hill and Iffley
820023,OX4 4JQ,Rose Hill and Iffley
820024,OX4 4JR,Rose Hill and Iffley
820025,OX4 4JS,Rose Hill and Iffley
820026,OX4 4JW,Littlemore
820027,OX4 4JX,Littlemore
820028,OX4 4JY,Littlemore
820029,OX4 4LD,Littlemore
820030,OX4 4LE,Littlemore
820031,OX4 4LF,Littlemore
820032,OX4 4LG,Littlemore
820033,OX4 4LH,Littlemore
820034,OX4 4LJ,Littlemore
820035,OX4 4LL,Littlemore
820036,OX4 4LQ,Littlemore
820037,OX4 4LS,Littlemore
820038,OX4 4LT,Littlemore
820039,OX4 4LU,Littlemore
820040,OX4 4LX,Littlemore
820041,OX4 4LY,Littlemore
820042,OX4 4LZ,Littlemore
820043,OX4 4NA,Littlemore
820044,OX4 4NB,Littlemore
820045,OX4 4ND,Littlemore
820046,OX4 4NE,Littlemore
820047,OX4 4NF,Littlemore
820048,OX4 4NG,Littlemore
820049,OX4 4NH,Littlemore
820050,OX4 4NJ,Littlemore
820051,OX4 4NL,Littlemore
820052,OX4 4NN,Littlemore
820053,OX4 4NP,Littlemore
820054,OX4 4NQ,Littlemore
820055,OX4 4NR,Littlemore
820056,OX4 4NS,Littlemore
820057,OX4 4NT,Littlemore
820058,OX4 4NU,Littlemore
820059,OX4 4NW,Littlemore
820060,OX4 4NY,Littlemore
820061,OX4 4PB,Littlemore
820062,OX4 4PE,Littlemore
820063,OX4 4PF,Littlemore
820064,OX4 4PG,Littlemore
820065,OX4 4PH,Littlemore
820066,OX4 4PJ,Littlemore
820067,OX4 4PL,Littlemore
820068,OX4 4PN,Littlemore
820069,OX4 4PP,Littlemore
820070,OX4 4PQ,Littlemore
820071,OX4 4PR,Littlemore
820072,OX4 4PS,Littlemore
820073,OX4 4PT,Littlemore
820074,OX4 4PU,Littlemore
820075,OX4 4PW,Littlemore
820076,OX4 4PX,Littlemore
820077,OX4 4PY,Littlemore
820078,OX4 4QB,Littlemore
820079,OX4 4QD,Littlemore
820080,OX4 4QE,Littlemore
820081,OX4 4QG,Littlemore
820082,OX4 4QH,Littlemore
820083,OX4 4QJ,Littlemore
820084,OX4 4QL,Littlemore
820085,OX4 4QP,Littlemore
820086,OX4 4QR,Rose Hill and Iffley
820087,OX4 4QS,Littlemore
820088,OX4 4QT,Littlemore
820089,OX4 4QX,Littlemore
820090,OX4 4RA,Rose Hill and Iffley
820091,OX4 4RB,Rose Hill and Iffley
820092,OX4 4RD,Rose Hill and Iffley
820093,OX4 4RE,Rose Hill and Iffley
820094,OX4 4RF,Rose Hill and Iffley
820095,OX4 4RG,Rose Hill and Iffley
820096,OX4 4RH,Rose Hill and Iffley
820097,OX4 4RJ,Rose Hill and Iffley
820098,OX4 4RN,Rose Hill and Iffley
820099,OX4 4RP,Rose Hill and Iffley
820100,OX4 4RQ,Rose Hill and Iffley
820101,OX4 4RR,Rose Hill and Iffley
820102,OX4 4RS,Rose Hill and Iffley
820103,OX4 4RT,Rose Hill and Iffley
820104,OX4 4RW,Rose Hill and Iffley
820105,OX4 4SA,Rose Hill and Iffley
820106,OX4 4SB,Rose Hill and Iffley
820107,OX4 4SD,Rose Hill and Iffley
820108,OX4 4SE,Rose Hill and Iffley
820109,OX4 4SH,Rose Hill and Iffley
820110,OX4 4SJ,Rose Hill and Iffley
820111,OX4 4SL,Rose Hill and Iffley
820112,OX4 4SN,Rose Hill and Iffley
820113,OX4 4SP,Rose Hill and Iffley
820115,OX4 4SW,Rose Hill and Iffley
820118,OX4 4TA,Rose Hill and Iffley
820119,OX4 4TB,Rose Hill and Iffley
820120,OX4 4TD,Rose Hill and Iffley
820121,OX4 4TE,Rose Hill and Iffley
820122,OX4 4TG,Rose Hill and Iffley
820123,OX4 4TN,Littlemore
820124,OX4 4TP,Rose Hill and Iffley
820125,OX4 4TQ,Rose Hill and Iffley
820126,OX4 4TR,Rose Hill and Iffley
820127,OX4 4TS,Rose Hill and Iffley
820128,OX4 4TT,Rose Hill and Iffley
820129,OX4 4TU,Rose Hill and Iffley
820130,OX4 4TW,Littlemore
820131,OX4 4TX,Rose Hill and Iffley
820132,OX4 4TY,Rose Hill and Iffley
820133,OX4 4TZ,Rose Hill and Iffley
820134,OX4 4UA,Rose Hill and Iffley
820135,OX4 4UB,Rose Hill and Iffley
820136,OX4 4UD,Rose Hill and Iffley
820137,OX4 4UE,Rose Hill and Iffley
820138,OX4 4UF,Rose Hill and Iffley
820139,OX4 4UG,Rose Hill and Iffley
820140,OX4 4UH,Rose Hill and Iffley
820141,OX4 4UJ,Rose Hill and Iffley
820142,OX4 4UL,Rose Hill and Iffley
820143,OX4 4UN,Rose Hill and Iffley
820144,OX4 4UP,Rose Hill and Iffley
820145,OX4 4UQ,Rose Hill and Iffley
820146,OX4 4UR,Rose Hill and Iffley
820147,OX4 4US,Rose Hill and Iffley
820149,OX4 4UU,Rose Hill and Iffley
820150,OX4 4UX,Rose Hill and Iffley
820153,OX4 4XG,Littlemore
820154,OX4 4XH,Littlemore
820156,OX4 4XN,Littlemore
820157,OX4 4XQ,Littlemore
820180,OX4 4YY,Littlemore
820181,OX4 6AA,Blackbird Leys
820182,OX4 6AB,Blackbird Leys
820183,OX4 6AE,Blackbird Leys
820184,OX4 6AF,Blackbird Leys
820185,OX4 6AG,Blackbird Leys
820186,OX4 6AH,Blackbird Leys
820187,OX4 6AJ,Blackbird Leys
820188,OX4 6AL,Blackbird Leys
820189,OX4 6AN,Blackbird Leys
820190,OX4 6AP,Blackbird Leys
820191,OX4 6AQ,Blackbird Leys
820192,OX4 6AR,Blackbird Leys
820193,OX4 6AS,Blackbird Leys
820194,OX4 6AT,Blackbird Leys
820195,OX4 6AU,Blackbird Leys
820196,OX4 6AW,Blackbird Leys
820197,OX4 6AX,Blackbird Leys
820198,OX4 6AY,Blackbird Leys
820199,OX4 6AZ,Blackbird Leys
820200,OX4 6BA,Blackbird Leys
820201,OX4 6BB,Blackbird Leys
820202,OX4 6BD,Blackbird Leys
820203,OX4 6BE,Blackbird Leys
820204,OX4 6BG,Blackbird Leys
820205,OX4 6BH,Blackbird Leys
820206,OX4 6BJ,Blackbird Leys
820207,OX4 6BL,Blackbird Leys
820208,OX4 6BN,Blackbird Leys
820209,OX4 6BP,Blackbird Leys
820210,OX4 6BQ,Blackbird Leys
820211,OX4 6BS,Blackbird Leys
820212,OX4 6BT,Blackbird Leys
820213,OX4 6BW,Blackbird Leys
820214,OX4 6DA,Northfield Brook
820215,OX4 6DB,Northfield Brook
820216,OX4 6DD,Northfield Brook
820217,OX4 6DE,Northfield Brook
820218,OX4 6DF,Northfield Brook
820219,OX4 6DG,Northfield Brook
820220,OX4 6DH,Northfield Brook
820221,OX4 6DJ,Northfield Brook
820222,OX4 6DL,Northfield Brook
820223,OX4 6DN,Northfield Brook
820224,OX4 6DP,Northfield Brook
820225,OX4 6DQ,Northfield Brook
820226,OX4 6DR,Northfield Brook
820227,OX4 6DS,Northfield Brook
820228,OX4 6DT,Northfield Brook
820229,OX4 6DU,Northfield Brook
820230,OX4 6DW,Northfield Brook
820231,OX4 6DX,Northfield Brook
820232,OX4 6DY,Northfield Brook
820233,OX4 6DZ,Northfield Brook
820234,OX4 6EA,Northfield Brook
820235,OX4 6EB,Northfield Brook
820236,OX4 6ED,Northfield Brook
820237,OX4 6EE,Northfield Brook
820238,OX4 6EF,Northfield Brook
820239,OX4 6EG,Northfield Brook
820240,OX4 6EH,Northfield Brook
820241,OX4 6EJ,Northfield Brook
820242,OX4 6EL,Northfield Brook
820243,OX4 6EN,Northfield Brook
820244,OX4 6EP,Northfield Brook
820245,OX4 6EQ,Northfield Brook
820246,OX4 6ER,Northfield Brook
820247,OX4 6ES,Northfield Brook
820248,OX4 6ET,Northfield Brook
820249,OX4 6EW,Northfield Brook
820250,OX4 6EY,Northfield Brook
820251,OX4 6EZ,Northfield Brook
820252,OX4 6HH,Blackbird Leys
820253,OX4 6HJ,Blackbird Leys
820254,OX4 6HP,Northfield Brook
820255,OX4 6HR,Northfield Brook
820256,OX4 6HS,Northfield Brook
820257,OX4 6HT,Northfield Brook
820258,OX4 6HU,Northfield Brook
820259,OX4 6HX,Northfield Brook
820260,OX4 6HY,Northfield Brook
820261,OX4 6HZ,Blackbird Leys
820262,OX4 6JA,Blackbird Leys
820263,OX4 6JB,Blackbird Leys
820264,OX4 6JD,Northfield Brook
820265,OX4 6JF,Blackbird Leys
820266,OX4 6JG,Blackbird Leys
820267,OX4 6JH,Blackbird Leys
820268,OX4 6JN,Blackbird Leys
820269,OX4 6JP,Blackbird Leys
820270,OX4 6JQ,Blackbird Leys
820271,OX4 6JW,Blackbird Leys
820272,OX4 6JX,Northfield Brook
820273,OX4 6JZ,Littlemore
820274,OX4 6LA,Northfield Brook
820275,OX4 6LD,Littlemore
820276,OX4 6LE,Littlemore
820277,OX4 6LF,Littlemore
820278,OX4 6LL,Blackbird Leys
820279,OX4 6LP,Littlemore
820280,OX4 6LQ,Blackbird Leys
820281,OX4 6LR,Blackbird Leys
820282,OX4 6LX,Lye Valley
820283,OX4 6NB,Blackbird Leys
820284,OX4 6NN,Littlemore
820285,OX4 6NQ,Blackbird Leys
820286,OX4 6NR,Littlemore
820287,OX4 6PA,Blackbird Leys
820288,OX4 6PB,Blackbird Leys
820289,OX4 6PD,Blackbird Leys
820290,OX4 6PE,Blackbird Leys
820291,OX4 6PF,Blackbird Leys
820292,OX4 6PG,Blackbird Leys
820293,OX4 6PH,Blackbird Leys
820294,OX4 6PJ,Blackbird Leys
820295,OX4 6PL,Blackbird Leys
820296,OX4 6PN,Blackbird Leys
820297,OX4 6PQ,Blackbird Leys
820298,OX4 6PT,Blackbird Leys
820299,OX4 6PU,Blackbird Leys
820300,OX4 6PW,Blackbird Leys
820301,OX4 6PX,Blackbird Leys
820302,OX4 6QD,Blackbird Leys
820303,OX4 6QE,Blackbird Leys
820304,OX4 6QF,Blackbird Leys
820305,OX4 6QG,Blackbird Leys
820306,OX4 6QQ,Blackbird Leys
820307,OX4 6QX,Blackbird Leys
820308,OX4 6QY,Blackbird Leys
820309,OX4 6QZ,Blackbird Leys
820310,OX4 6RA,Blackbird Leys
820311,OX4 6RB,Blackbird Leys
820312,OX4 6RD,Blackbird Leys
820313,OX4 6RE,Blackbird Leys
820314,OX4 6RF,Blackbird Leys
820315,OX4 6RG,Blackbird Leys
820316,OX4 6RH,Blackbird Leys
820317,OX4 6RJ,Blackbird Leys
820318,OX4 6RL,Blackbird Leys
820319,OX4 6RN,Blackbird Leys
820320,OX4 6RP,Blackbird Leys
820321,OX4 6RW,Blackbird Leys
820322,OX4 6RZ,Blackbird Leys
820323,OX4 6SA,Blackbird Leys
820324,OX4 6SB,Blackbird Leys
820325,OX4 6SE,Blackbird Leys
820326,OX4 6SF,Blackbird Leys
820327,OX4 6SG,Blackbird Leys
820328,OX4 6SH,Blackbird Leys
820329,OX4 6SJ,Blackbird Leys
820330,OX4 6SL,Blackbird Leys
820331,OX4 6SN,Blackbird Leys
820332,OX4 6SP,Blackbird Leys
820333,OX4 6SQ,Blackbird Leys
820334,OX4 6SR,Blackbird Leys
820335,OX4 6SS,Blackbird Leys
820336,OX4 6ST,Blackbird Leys
820337,OX4 6SU,Blackbird Leys
820338,OX4 6SW,Blackbird Leys
820339,OX4 6SX,Blackbird Leys
820340,OX4 6SY,Blackbird Leys
820341,OX4 6SZ,Blackbird Leys
820342,OX4 6TA,Blackbird Leys
820343,OX4 6TB,Blackbird Leys
820344,OX4 6TD,Blackbird Leys
820345,OX4 6TE,Blackbird Leys
820346,OX4 6TF,Blackbird Leys
820347,OX4 6TG,Blackbird Leys
820348,OX4 6TH,Blackbird Leys
820349,OX4 6TJ,Blackbird Leys
820350,OX4 6TL,Blackbird Leys
820351,OX4 6TN,Blackbird Leys
820352,OX4 6TQ,Blackbird Leys
820353,OX4 7BX,Northfield Brook
820354,OX4 7BY,Northfield Brook
820355,OX4 7BZ,Northfield Brook
820356,OX4 7EU,Northfield Brook
820357,OX4 7FD,Northfield Brook
820358,OX4 7FE,Northfield Brook
820359,OX4 7FF,Northfield Brook
820360,OX4 7FG,Northfield Brook
820361,OX4 7FL,Northfield Brook
820362,OX4 7FN,Northfield Brook
820363,OX4 7FQ,Northfield Brook
820364,OX4 7FR,Northfield Brook
820365,OX4 7FS,Northfield Brook
820366,OX4 7FT,Northfield Brook
820367,OX4 7FW,Northfield Brook
820368,OX4 7FY,Northfield Brook
820369,OX4 7FZ,Northfield Brook
820370,OX4 7GA,Northfield Brook
820371,OX4 7GB,Northfield Brook
820372,OX4 7GD,Northfield Brook
820373,OX4 7GE,Northfield Brook
820374,OX4 7GF,Northfield Brook
820375,OX4 7GG,Northfield Brook
820376,OX4 7GH,Northfield Brook
820377,OX4 7GJ,Northfield Brook
820378,OX4 7GL,Northfield Brook
820379,OX4 7GN,Northfield Brook
820380,OX4 7GP,Northfield Brook
820381,OX4 7GQ,Northfield Brook
820382,OX4 7GR,Northfield Brook
820383,OX4 7GS,Northfield Brook
820384,OX4 7GT,Northfield Brook
820385,OX4 7GU,Northfield Brook
820386,OX4 7GW,Northfield Brook
820387,OX4 7GX,Northfield Brook
820388,OX4 7GY,Northfield Brook
820389,OX4 7GZ,Northfield Brook
820390,OX4 7HA,Northfield Brook
820391,OX4 7LH,Northfield Brook
820392,OX4 7NY,Northfield Brook
820393,OX4 7NZ,Northfield Brook
820394,OX4 7QH,Blackbird Leys
820395,OX4 7QL,Northfield Brook
820396,OX4 7QN,Northfield Brook
820397,OX4 7QP,Blackbird Leys
820398,OX4 7QU,Blackbird Leys
820399,OX4 7QW,Northfield Brook
820400,OX4 7RR,Northfield Brook
820401,OX4 7RS,Northfield Brook
820402,OX4 7RT,Northfield Brook
820403,OX4 7RU,Northfield Brook
820404,OX4 7RX,Northfield Brook
820405,OX4 7RY,Northfield Brook
820406,OX4 7SD,Northfield Brook
820407,OX4 7TP,Blackbird Leys
820408,OX4 7TR,Blackbird Leys
820409,OX4 7TT,Blackbird Leys
820410,OX4 7TX,Blackbird Leys
820411,OX4 7TY,Northfield Brook
820412,OX4 7TZ,Northfield Brook
820413,OX4 7UA,Blackbird Leys
820414,OX4 7UB,Blackbird Leys
820415,OX4 7UD,Blackbird Leys
820416,OX4 7UE,Blackbird Leys
820417,OX4 7UF,Blackbird Leys
820418,OX4 7UG,Blackbird Leys
820419,OX4 7UH,Blackbird Leys
820420,OX4 7UJ,Blackbird Leys
820421,OX4 7UL,Blackbird Leys
820422,OX4 7UN,Blackbird Leys
820423,OX4 7UP,Blackbird Leys
820424,OX4 7UQ,Blackbird Leys
820425,OX4 7UR,Blackbird Leys
820426,OX4 7US,Blackbird Leys
820427,OX4 7UT,Blackbird Leys
820428,OX4 7UU,Blackbird Leys
820429,OX4 7UW,Blackbird Leys
820430,OX4 7UX,Blackbird Leys
820431,OX4 7UY,Northfield Brook
820432,OX4 7UZ,Blackbird Leys
820433,OX4 7WA,Northfield Brook
820434,OX4 7WB,Northfield Brook
820435,OX4 7WD,Northfield Brook
820436,OX4 7WE,Northfield Brook
820437,OX4 7WF,Northfield Brook
820438,OX4 7WG,Northfield Brook
820439,OX4 7WH,Northfield Brook
820440,OX4 7WJ,Northfield Brook
820441,OX4 7WL,Northfield Brook
820442,OX4 7WN,Northfield Brook
820443,OX4 7WP,Northfield Brook
820444,OX4 7WQ,Northfield Brook
820445,OX4 7WR,Northfield Brook
820446,OX4 7WS,Northfield Brook
820447,OX4 7WT,Northfield Brook
820448,OX4 7WU,Northfield Brook
820449,OX4 7WW,Northfield Brook
820450,OX4 7WX,Northfield Brook
820451,OX4 7WY,Northfield Brook
820452,OX4 7WZ,Northfield Brook
820453,OX4 7XL,Northfield Brook
820454,OX4 7XN,Northfield Brook
820455,OX4 7XP,Northfield Brook
820456,OX4 7XR,Northfield Brook
820457,OX4 7XT,Northfield Brook
820458,OX4 7XU,Northfield Brook
820459,OX4 7XW,Northfield Brook
820460,OX4 7XX,Northfield Brook
820461,OX4 7XY,Northfield Brook
820462,OX4 7XZ,Northfield Brook
820464,OX4 7YB,Northfield Brook
820465,OX4 7YD,Northfield Brook
820466,OX4 7YE,Northfield Brook
820467,OX4 7YF,Northfield Brook
820468,OX4 7YG,Northfield Brook
820469,OX4 7YH,Northfield Brook
820470,OX4 7YJ,Northfield Brook
820471,OX4 7YL,Northfield Brook
820472,OX4 7YN,Northfield Brook
820473,OX4 7YP,Northfield Brook
820474,OX4 7YQ,Northfield Brook
820475,OX4 7YR,Northfield Brook
820476,OX4 7YS,Northfield Brook
820477,OX4 7YT,Northfield Brook
820478,OX4 7YU,Northfield Brook
820479,OX4 7YW,Northfield Brook
820480,OX4 7YX,Northfield Brook
820481,OX4 7YY,Northfield Brook
820482,OX4 7ZB,Northfield Brook
820483,OX4 7ZD,Northfield Brook
820484,OX4 7ZE,Northfield Brook
820485,OX4 7ZF,Northfield Brook
